2026-08-03 01:05:52 [http-nio-8030-exec-1] DEBUG o.s.data.mongodb.core.MongoTemplate - find using query: {} fields: Document{{}} sort: null for class: class com.foodies.freshmeal.food.entity.FoodEntity in collection: fm_food
2026-08-03 01:05:52 [http-nio-8030-exec-1] INFO  c.f.f.c.config.MongoLoggingListener - 
====================================================
MONGO COMMAND STARTED
COMMAND : find
QUERY   : {"find": "fm_food", "filter": {}, "$db": "test", "lsid": {"id": {"$binary": {"base64": "nvMHCUqaTlSuE2n3XSvnTg==", "subType": "04"}}}}
====================================================
2026-08-03 01:05:52 [http-nio-8030-exec-1] INFO  c.f.f.c.config.MongoLoggingListener - 
====================================================
MONGO COMMAND SUCCESS
COMMAND  : find
DURATION : 37 ms
====================================================
2026-08-03 01:05:52 [http-nio-8030-exec-1] INFO  c.f.f.i.s.impl.ImageServiceImpl - Food ID: FOOD01_00031, Food Name: Rasgulla, Description: Rasgulla is a popular South Asian dessert made from ball-shaped dumplings of chhena (Indian cottage cheese) and semolina. These soft, spongy dumplings are cooked and soaked in a light, sweet syrup. The name derives from two Hindi/Sanskrit words: ras (juice/syrup) and gulla (ball), Price: 15.0, Category: [DESSERT], Image URL: https://fresh-meal.s3.ap-south-1.amazonaws.com/IMG07_0000038.jpg
2026-08-03 01:05:52 [http-nio-8030-exec-1] INFO  c.f.f.i.s.impl.ImageServiceImpl - Food ID: FOOD01_00032, Food Name: Sawarma Roll, Description: Shawarma is a popular Middle Eastern street food consisting of thinly sliced meat—like chicken, beef, or lamb—stacked onto a vertical rotisserie and slow-roasted. As the cone rotates, crispy outer layers are shaved off and usually wrapped in flatbread with vegetables, pickles, and sauces., Price: 248.99, Category: [Roll], Image URL: https://fresh-meal.s3.ap-south-1.amazonaws.com/IMG07_0000039.jpg
2026-08-03 01:05:52 [http-nio-8030-exec-1] INFO  c.f.f.i.s.impl.ImageServiceImpl - Food ID: FOOD01_00033, Food Name: Gulab Jamun, Description: Gulab jamun is a popular South Asian sweet consisting of deep-fried dough balls made from milk solids, soaked in a fragrant rose-scented sugar syrup. The name translates to "rose water" (gulab) and a dark purple plum (jamun), Price: 20.9, Category: [SIDE_DISH, DESSERT], Image URL: https://fresh-meal.s3.ap-south-1.amazonaws.com/IMG07_0000042.jpg
2026-08-03 01:05:52 [http-nio-8030-exec-1] INFO  c.f.f.i.s.impl.ImageServiceImpl - Food ID: FOOD01_00034, Food Name: Ice cream, Description: Ice cream is a cold, sweet, and creamy frozen dessert made from milk, cream, and sugar. , Price: 249.0, Category: [DESSERT, ICE_CREAM], Image URL: https://fresh-meal.s3.ap-south-1.amazonaws.com/IMG07_0000041.jpg
2026-08-03 01:05:52 [http-nio-8030-exec-1] INFO  c.f.f.i.s.impl.ImageServiceImpl - Food ID: FOOD01_00035, Food Name: Tomato Chuteny, Description: , Price: 2.0, Category: [OTHER], Image URL: https://fresh-meal.s3.ap-south-1.amazonaws.com/IMG07_0000025.png
2026-08-03 02:56:04 [http-nio-8030-exec-7] DEBUG o.s.data.mongodb.core.MongoTemplate - find using query: {} fields: Document{{}} sort: null for class: class com.foodies.freshmeal.food.entity.FoodEntity in collection: fm_food
2026-08-03 02:56:04 [http-nio-8030-exec-7] INFO  c.f.f.c.config.MongoLoggingListener - 
====================================================
MONGO COMMAND STARTED
COMMAND : find
QUERY   : {"find": "fm_food", "filter": {}, "$db": "test", "lsid": {"id": {"$binary": {"base64": "TyWg7L2mRuuta6ure1wiNg==", "subType": "04"}}}}
====================================================
2026-08-03 02:56:04 [http-nio-8030-exec-7] INFO  c.f.f.c.config.MongoLoggingListener - 
====================================================
MONGO COMMAND SUCCESS
COMMAND  : find
DURATION : 36 ms
====================================================
2026-08-03 02:56:04 [http-nio-8030-exec-7] INFO  c.f.f.i.s.impl.ImageServiceImpl - Food ID: FOOD01_00031, Food Name: Rasgulla, Description: Rasgulla is a popular South Asian dessert made from ball-shaped dumplings of chhena (Indian cottage cheese) and semolina. These soft, spongy dumplings are cooked and soaked in a light, sweet syrup. The name derives from two Hindi/Sanskrit words: ras (juice/syrup) and gulla (ball), Price: 15.0, Category: [DESSERT], Image URL: https://fresh-meal.s3.ap-south-1.amazonaws.com/IMG07_0000038.jpg
2026-08-03 02:56:04 [http-nio-8030-exec-7] INFO  c.f.f.i.s.impl.ImageServiceImpl - Food ID: FOOD01_00032, Food Name: Sawarma Roll, Description: Shawarma is a popular Middle Eastern street food consisting of thinly sliced meat—like chicken, beef, or lamb—stacked onto a vertical rotisserie and slow-roasted. As the cone rotates, crispy outer layers are shaved off and usually wrapped in flatbread with vegetables, pickles, and sauces., Price: 248.99, Category: [Roll], Image URL: https://fresh-meal.s3.ap-south-1.amazonaws.com/IMG07_0000039.jpg
2026-08-03 02:56:04 [http-nio-8030-exec-7] INFO  c.f.f.i.s.impl.ImageServiceImpl - Food ID: FOOD01_00033, Food Name: Gulab Jamun, Description: Gulab jamun is a popular South Asian sweet consisting of deep-fried dough balls made from milk solids, soaked in a fragrant rose-scented sugar syrup. The name translates to "rose water" (gulab) and a dark purple plum (jamun), Price: 20.9, Category: [SIDE_DISH, DESSERT], Image URL: https://fresh-meal.s3.ap-south-1.amazonaws.com/IMG07_0000042.jpg
2026-08-03 02:56:04 [http-nio-8030-exec-7] INFO  c.f.f.i.s.impl.ImageServiceImpl - Food ID: FOOD01_00034, Food Name: Ice cream, Description: Ice cream is a cold, sweet, and creamy frozen dessert made from milk, cream, and sugar. , Price: 249.0, Category: [DESSERT, ICE_CREAM], Image URL: https://fresh-meal.s3.ap-south-1.amazonaws.com/IMG07_0000041.jpg
2026-08-03 02:56:04 [http-nio-8030-exec-7] INFO  c.f.f.i.s.impl.ImageServiceImpl - Food ID: FOOD01_00035, Food Name: Tomato Chuteny, Description: , Price: 2.0, Category: [OTHER], Image URL: https://fresh-meal.s3.ap-south-1.amazonaws.com/IMG07_0000025.png
2026-08-03 02:56:08 [http-nio-8030-exec-10] INFO  c.f.f.common.audit.util.AuditAspect - AUDIT STARTED | RequestId=c0a90d25-b146-4e30-8775-84dd00263c6d | API=/api/foods/view | HTTP Method=POST
2026-08-03 02:56:08 [http-nio-8030-exec-10] INFO  c.f.f.common.audit.util.AuditAspect - 
================= REQUEST =================
Timestamp   : 2026-08-03 02:56:08
RequestId   : c0a90d25-b146-4e30-8775-84dd00263c6d
HTTP Method : POST
URL         : /api/foods/view
Payload     :
{
  "FoodStatusRequest" : {
    "foodId" : "FOOD01_00033",
    "updateFoodStatusRequest" : null
  }
}
===========================================

2026-08-03 02:56:08 [http-nio-8030-exec-10] INFO  c.f.f.i.s.impl.ImageServiceImpl - Fetching food details for Food Id : FOOD01_00033
2026-08-03 02:56:08 [http-nio-8030-exec-10] DEBUG o.s.data.mongodb.core.MongoTemplate - findOne using query: { "id" : "FOOD01_00033"} fields: Document{{}} for class: class com.foodies.freshmeal.food.entity.FoodEntity in collection: fm_food
2026-08-03 02:56:08 [http-nio-8030-exec-10] INFO  c.f.f.c.config.MongoLoggingListener - 
====================================================
MONGO COMMAND STARTED
COMMAND : find
QUERY   : {"find": "fm_food", "filter": {"_id": "FOOD01_00033"}, "limit": 1, "singleBatch": true, "$db": "test", "lsid": {"id": {"$binary": {"base64": "TyWg7L2mRuuta6ure1wiNg==", "subType": "04"}}}}
====================================================
2026-08-03 02:56:08 [http-nio-8030-exec-10] INFO  c.f.f.c.config.MongoLoggingListener - 
====================================================
MONGO COMMAND SUCCESS
COMMAND  : find
DURATION : 15 ms
====================================================
2026-08-03 02:56:08 [http-nio-8030-exec-10] INFO  c.f.f.f.s.i.FoodNavigationServiceImpl - Building navigation for Food Id : FOOD01_00033
2026-08-03 02:56:09 [http-nio-8030-exec-10] DEBUG o.s.data.mongodb.core.MongoTemplate - find using query: { "_id" : { "$lt" : "FOOD01_00033"}} fields: Document{{}} sort: null for class: class com.foodies.freshmeal.food.entity.FoodEntity in collection: fm_food
2026-08-03 02:56:09 [http-nio-8030-exec-10] INFO  c.f.f.c.config.MongoLoggingListener - 
====================================================
MONGO COMMAND STARTED
COMMAND : find
QUERY   : {"find": "fm_food", "filter": {"_id": {"$lt": "FOOD01_00033"}}, "sort": {"_id": -1}, "limit": 1, "$db": "test", "lsid": {"id": {"$binary": {"base64": "TyWg7L2mRuuta6ure1wiNg==", "subType": "04"}}}}
====================================================
2026-08-03 02:56:09 [http-nio-8030-exec-10] INFO  c.f.f.c.config.MongoLoggingListener - 
====================================================
MONGO COMMAND SUCCESS
COMMAND  : find
DURATION : 51 ms
====================================================
2026-08-03 02:56:09 [http-nio-8030-exec-10] DEBUG o.s.data.mongodb.core.MongoTemplate - find using query: { "_id" : { "$gt" : "FOOD01_00033"}} fields: Document{{}} sort: null for class: class com.foodies.freshmeal.food.entity.FoodEntity in collection: fm_food
2026-08-03 02:56:09 [http-nio-8030-exec-10] INFO  c.f.f.c.config.MongoLoggingListener - 
====================================================
MONGO COMMAND STARTED
COMMAND : find
QUERY   : {"find": "fm_food", "filter": {"_id": {"$gt": "FOOD01_00033"}}, "sort": {"_id": 1}, "limit": 1, "$db": "test", "lsid": {"id": {"$binary": {"base64": "TyWg7L2mRuuta6ure1wiNg==", "subType": "04"}}}}
====================================================
2026-08-03 02:56:09 [http-nio-8030-exec-10] INFO  c.f.f.c.config.MongoLoggingListener - 
====================================================
MONGO COMMAND SUCCESS
COMMAND  : find
DURATION : 3 ms
====================================================
2026-08-03 02:56:09 [http-nio-8030-exec-10] INFO  c.f.f.f.s.i.FoodNavigationServiceImpl - Navigation generated successfully for Food Id : FOOD01_00033
2026-08-03 02:56:09 [http-nio-8030-exec-10] INFO  c.f.f.i.s.impl.ImageServiceImpl - Food details retrieved successfully for Food Id : FOOD01_00033
2026-08-03 02:56:09 [http-nio-8030-exec-10] INFO  c.f.f.common.audit.util.AuditAspect - 
================= RESPONSE =================
RequestId    : c0a90d25-b146-4e30-8775-84dd00263c6d
Status       : 200
Duration(ms) : 320
Payload      :
{
  "success" : true,
  "httpStatusCode" : 200,
  "httpStatusMessage" : "OK",
  "message" : "Food retrived successfully",
  "errors" : null,
  "data" : {
    "data" : {
      "id" : "FOOD01_00033",
      "imageName" : "IMG07_0000042.jpg",
      "foodName" : "Gulab Jamun",
      "description" : "Gulab jamun is a popular South Asian sweet consisting of deep-fried dough balls made from milk solids, soaked in a fragrant rose-scented sugar syrup. The name translates to \"rose water\" (gulab) and a dark purple plum (jamun)",
      "price" : 20.9,
      "imageUrl" : "https://fresh-meal.s3.ap-south-1.amazonaws.com/IMG07_0000042.jpg",
      "foodCategories" : [ {
        "label" : "Side Dish",
        "value" : "SIDE_DISH"
      }, {
        "label" : "Dessert",
        "value" : "DESSERT"
      } ],
      "dietCategory" : {
        "label" : "Veg",
        "value" : "VEG"
      },
      "cuisineType" : {
        "label" : "Indian",
        "value" : "INDIAN"
      },
      "categoryGroups" : [ {
        "label" : "Dessert",
        "value" : "DESSERT"
      }, {
        "label" : "Course Type",
        "value" : "COURSE_TYPE"
      } ],
      "foodStatus" : {
        "label" : "Available",
        "value" : "AVAILABLE"
      },
      "allowedStatuses" : [ {
        "label" : "Out of Stock",
        "value" : "OUT_OF_STOCK"
      }, {
        "label" : "Discontinued",
        "value" : "DISCONTINUED"
      }, {
        "label" : "Disabled",
        "value" : "DISABLED"
      } ],
      "previousStatus" : "Available",
      "updatedAt" : "2026-08-02T20:50:20.571",
      "updatedBy" : "Admin",
      "createdBy" : "Admin",
      "createdAt" : "2026-07-20T21:44:09.203",
      "available" : true
    },
    "navigation" : {
      "previous" : {
        "id" : "FOOD01_00032",
        "displayName" : "Sawarma Roll",
        "available" : true,
        "metadata" : null
      },
      "next" : {
        "id" : "FOOD01_00034",
        "displayName" : "Ice cream",
        "available" : true,
        "metadata" : null
      }
    }
  }
}
===========================================

2026-08-03 02:56:09 [http-nio-8030-exec-10] INFO  c.f.f.common.audit.util.AuditAspect - AUDIT SUCCESS | RequestId=c0a90d25-b146-4e30-8775-84dd00263c6d | Duration=320 ms
2026-08-03 02:56:09 [task-20] DEBUG o.s.data.mongodb.core.MongoTemplate - Inserting Document containing fields: [api, requestUrl, requestBody, responseBody, responseStatus, responseMessage, executionTimeMs, requestId, ipAddress, createdAt, module, method, action, requestMethod, _class] in collection: fm_api_audit_logs
2026-08-03 02:56:09 [task-20] INFO  c.f.f.c.config.MongoLoggingListener - 
====================================================
MONGO COMMAND STARTED
COMMAND : insert
QUERY   : {"insert": "fm_api_audit_logs", "ordered": true, "$db": "test", "lsid": {"id": {"$binary": {"base64": "TyWg7L2mRuuta6ure1wiNg==", "subType": "04"}}}, "documents": [{"_id": {"$oid": "6a6fb5f13dce9fb5e778e96f"}, "api": "/api/foods/view", "requestUrl": "http://localhost:8030/api/foods/view", "requestBody": {"FoodStatusRequest": {"foodId": "FOOD01_00033", "updateFoodStatusRequest": null}}, "responseBody": {"success": true, "httpStatusCode": 200, "httpStatusMessage": "OK", "message": "Food retrived successfully", "errors": null, "data": {"data": {"id": "FOOD01_00033", "imageName": "IMG07_0000042.jpg", "foodName": "Gulab Jamun", "description": "Gulab jamun is a popular South Asian sweet consisting of deep-fried dough balls made from milk solids, soaked in a fragrant rose-scented sugar syrup. The name translates to \"rose water\" (gulab) and a dark purple plum (jamun)", "price": 20.9, "imageUrl": "https://fresh-meal.s3.ap-south-1.amazonaws.com/IMG07_0000042.jpg", "foodCategories": [{"label": "Side Dish", "value": "SIDE_DISH"}, {"label": "Dessert", "value": "DESSERT"}], "dietCategory": {"label": "Veg", "value": "VEG"}, "cuisineType": {"label": "Indian", "value": "INDIAN"}, "categoryGroups": [{"label": "Dessert", "value": "DESSERT"}, {"label": "Course Type", "value": "COURSE_TYPE"}], "foodStatus": {"label": "Available", "value": "AVAILABLE"}, "allowedStatuses": [{"label": "Out of Stock", "value": "OUT_OF_STOCK"}, {"label": "Discontinued", "value": "DISCONTINUED"}, {"label": "Disabled", "value": "DISABLED"}], "previousStatus": "Available", "updatedAt": "2026-08-02T20:50:20.571", "updatedBy": "Admin", "createdBy": "Admin", "createdAt": "2026-07-20T21:44:09.203", "available": true}, "navigation": {"previous": {"id": "FOOD01_00032", "displayName": "Sawarma Roll", "available": true, "metadata": null}, "next": {"id": "FOOD01_00034", "displayName": "Ice cream", "available": true, "metadata": null}}}}, "responseStatus": 200, "responseMessage": "OK", "executionTimeMs": 320, "requestId": "c0a90d25-b146-4e30-8775-84dd00263c6d", "ipAddress": "0:0:0:0:0:0:0:1", "createdAt": {"$date": "2026-08-02T21:26:08.797Z"}, "module": "FOOD", "method": "API", "action": "GET", "requestMethod": "POST", "_class": "com.foodies.freshmeal.common.audit.entity.impl.AuditLog"}]}
====================================================
2026-08-03 02:56:09 [task-20] INFO  c.f.f.c.config.MongoLoggingListener - 
====================================================
MONGO COMMAND SUCCESS
COMMAND  : insert
DURATION : 42 ms
====================================================
2026-08-03 02:56:17 [http-nio-8030-exec-2] WARN  c.f.f.c.e.GlobalExceptionHandler - Malformed request body : JSON parse error: Cannot construct instance of `com.foodies.freshmeal.common.dto.DisplayOptionResponse` (although at least one Creator exists): no String-argument constructor/factory method to deserialize from String value ('OUT_OF_STOCK')
2026-08-03 02:56:17 [http-nio-8030-exec-2] WARN  o.s.w.s.m.m.a.ExceptionHandlerExceptionResolver - Resolved [org.springframework.http.converter.HttpMessageNotReadableException: JSON parse error: Cannot construct instance of `com.foodies.freshmeal.common.dto.DisplayOptionResponse` (although at least one Creator exists): no String-argument constructor/factory method to deserialize from String value ('OUT_OF_STOCK')]
2026-08-03 02:56:27 [http-nio-8030-exec-3] INFO  c.f.f.common.audit.util.AuditAspect - AUDIT STARTED | RequestId=8f6db705-b5ff-402a-98b8-003999ef06de | API=/api/foods/view | HTTP Method=POST
2026-08-03 02:56:27 [http-nio-8030-exec-3] INFO  c.f.f.common.audit.util.AuditAspect - 
================= REQUEST =================
Timestamp   : 2026-08-03 02:56:27
RequestId   : 8f6db705-b5ff-402a-98b8-003999ef06de
HTTP Method : POST
URL         : /api/foods/view
Payload     :
{
  "FoodStatusRequest" : {
    "foodId" : "FOOD01_00033",
    "updateFoodStatusRequest" : null
  }
}
===========================================

2026-08-03 02:56:27 [http-nio-8030-exec-3] INFO  c.f.f.i.s.impl.ImageServiceImpl - Fetching food details for Food Id : FOOD01_00033
2026-08-03 02:56:27 [http-nio-8030-exec-3] DEBUG o.s.data.mongodb.core.MongoTemplate - findOne using query: { "id" : "FOOD01_00033"} fields: Document{{}} for class: class com.foodies.freshmeal.food.entity.FoodEntity in collection: fm_food
2026-08-03 02:56:27 [http-nio-8030-exec-3] INFO  c.f.f.c.config.MongoLoggingListener - 
====================================================
MONGO COMMAND STARTED
COMMAND : find
QUERY   : {"find": "fm_food", "filter": {"_id": "FOOD01_00033"}, "limit": 1, "singleBatch": true, "$db": "test", "lsid": {"id": {"$binary": {"base64": "TyWg7L2mRuuta6ure1wiNg==", "subType": "04"}}}}
====================================================
2026-08-03 02:56:27 [http-nio-8030-exec-3] INFO  c.f.f.c.config.MongoLoggingListener - 
====================================================
MONGO COMMAND SUCCESS
COMMAND  : find
DURATION : 2 ms
====================================================
2026-08-03 02:56:27 [http-nio-8030-exec-3] INFO  c.f.f.f.s.i.FoodNavigationServiceImpl - Building navigation for Food Id : FOOD01_00033
2026-08-03 02:56:27 [http-nio-8030-exec-3] DEBUG o.s.data.mongodb.core.MongoTemplate - find using query: { "_id" : { "$lt" : "FOOD01_00033"}} fields: Document{{}} sort: null for class: class com.foodies.freshmeal.food.entity.FoodEntity in collection: fm_food
2026-08-03 02:56:27 [http-nio-8030-exec-3] INFO  c.f.f.c.config.MongoLoggingListener - 
====================================================
MONGO COMMAND STARTED
COMMAND : find
QUERY   : {"find": "fm_food", "filter": {"_id": {"$lt": "FOOD01_00033"}}, "sort": {"_id": -1}, "limit": 1, "$db": "test", "lsid": {"id": {"$binary": {"base64": "TyWg7L2mRuuta6ure1wiNg==", "subType": "04"}}}}
====================================================
2026-08-03 02:56:27 [http-nio-8030-exec-3] INFO  c.f.f.c.config.MongoLoggingListener - 
====================================================
MONGO COMMAND SUCCESS
COMMAND  : find
DURATION : 1 ms
====================================================
2026-08-03 02:56:27 [http-nio-8030-exec-3] DEBUG o.s.data.mongodb.core.MongoTemplate - find using query: { "_id" : { "$gt" : "FOOD01_00033"}} fields: Document{{}} sort: null for class: class com.foodies.freshmeal.food.entity.FoodEntity in collection: fm_food
2026-08-03 02:56:27 [http-nio-8030-exec-3] INFO  c.f.f.c.config.MongoLoggingListener - 
====================================================
MONGO COMMAND STARTED
COMMAND : find
QUERY   : {"find": "fm_food", "filter": {"_id": {"$gt": "FOOD01_00033"}}, "sort": {"_id": 1}, "limit": 1, "$db": "test", "lsid": {"id": {"$binary": {"base64": "TyWg7L2mRuuta6ure1wiNg==", "subType": "04"}}}}
====================================================
2026-08-03 02:56:27 [http-nio-8030-exec-3] INFO  c.f.f.c.config.MongoLoggingListener - 
====================================================
MONGO COMMAND SUCCESS
COMMAND  : find
DURATION : 5 ms
====================================================
2026-08-03 02:56:27 [http-nio-8030-exec-3] INFO  c.f.f.f.s.i.FoodNavigationServiceImpl - Navigation generated successfully for Food Id : FOOD01_00033
2026-08-03 02:56:27 [http-nio-8030-exec-3] INFO  c.f.f.i.s.impl.ImageServiceImpl - Food details retrieved successfully for Food Id : FOOD01_00033
2026-08-03 02:56:27 [http-nio-8030-exec-3] INFO  c.f.f.common.audit.util.AuditAspect - 
================= RESPONSE =================
RequestId    : 8f6db705-b5ff-402a-98b8-003999ef06de
Status       : 200
Duration(ms) : 41
Payload      :
{
  "success" : true,
  "httpStatusCode" : 200,
  "httpStatusMessage" : "OK",
  "message" : "Food retrived successfully",
  "errors" : null,
  "data" : {
    "data" : {
      "id" : "FOOD01_00033",
      "imageName" : "IMG07_0000042.jpg",
      "foodName" : "Gulab Jamun",
      "description" : "Gulab jamun is a popular South Asian sweet consisting of deep-fried dough balls made from milk solids, soaked in a fragrant rose-scented sugar syrup. The name translates to \"rose water\" (gulab) and a dark purple plum (jamun)",
      "price" : 20.9,
      "imageUrl" : "https://fresh-meal.s3.ap-south-1.amazonaws.com/IMG07_0000042.jpg",
      "foodCategories" : [ {
        "label" : "Side Dish",
        "value" : "SIDE_DISH"
      }, {
        "label" : "Dessert",
        "value" : "DESSERT"
      } ],
      "dietCategory" : {
        "label" : "Veg",
        "value" : "VEG"
      },
      "cuisineType" : {
        "label" : "Indian",
        "value" : "INDIAN"
      },
      "categoryGroups" : [ {
        "label" : "Dessert",
        "value" : "DESSERT"
      }, {
        "label" : "Course Type",
        "value" : "COURSE_TYPE"
      } ],
      "foodStatus" : {
        "label" : "Available",
        "value" : "AVAILABLE"
      },
      "allowedStatuses" : [ {
        "label" : "Out of Stock",
        "value" : "OUT_OF_STOCK"
      }, {
        "label" : "Discontinued",
        "value" : "DISCONTINUED"
      }, {
        "label" : "Disabled",
        "value" : "DISABLED"
      } ],
      "previousStatus" : "Available",
      "updatedAt" : "2026-08-02T20:50:20.571",
      "updatedBy" : "Admin",
      "createdBy" : "Admin",
      "createdAt" : "2026-07-20T21:44:09.203",
      "available" : true
    },
    "navigation" : {
      "previous" : {
        "id" : "FOOD01_00032",
        "displayName" : "Sawarma Roll",
        "available" : true,
        "metadata" : null
      },
      "next" : {
        "id" : "FOOD01_00034",
        "displayName" : "Ice cream",
        "available" : true,
        "metadata" : null
      }
    }
  }
}
===========================================

2026-08-03 02:56:27 [http-nio-8030-exec-3] INFO  c.f.f.common.audit.util.AuditAspect - AUDIT SUCCESS | RequestId=8f6db705-b5ff-402a-98b8-003999ef06de | Duration=41 ms
2026-08-03 02:56:27 [task-21] DEBUG o.s.data.mongodb.core.MongoTemplate - Inserting Document containing fields: [api, requestUrl, requestBody, responseBody, responseStatus, responseMessage, executionTimeMs, requestId, ipAddress, createdAt, module, method, action, requestMethod, _class] in collection: fm_api_audit_logs
2026-08-03 02:56:27 [task-21] INFO  c.f.f.c.config.MongoLoggingListener - 
====================================================
MONGO COMMAND STARTED
COMMAND : insert
QUERY   : {"insert": "fm_api_audit_logs", "ordered": true, "$db": "test", "lsid": {"id": {"$binary": {"base64": "TyWg7L2mRuuta6ure1wiNg==", "subType": "04"}}}, "documents": [{"_id": {"$oid": "6a6fb6033dce9fb5e778e970"}, "api": "/api/foods/view", "requestUrl": "http://localhost:8030/api/foods/view", "requestBody": {"FoodStatusRequest": {"foodId": "FOOD01_00033", "updateFoodStatusRequest": null}}, "responseBody": {"success": true, "httpStatusCode": 200, "httpStatusMessage": "OK", "message": "Food retrived successfully", "errors": null, "data": {"data": {"id": "FOOD01_00033", "imageName": "IMG07_0000042.jpg", "foodName": "Gulab Jamun", "description": "Gulab jamun is a popular South Asian sweet consisting of deep-fried dough balls made from milk solids, soaked in a fragrant rose-scented sugar syrup. The name translates to \"rose water\" (gulab) and a dark purple plum (jamun)", "price": 20.9, "imageUrl": "https://fresh-meal.s3.ap-south-1.amazonaws.com/IMG07_0000042.jpg", "foodCategories": [{"label": "Side Dish", "value": "SIDE_DISH"}, {"label": "Dessert", "value": "DESSERT"}], "dietCategory": {"label": "Veg", "value": "VEG"}, "cuisineType": {"label": "Indian", "value": "INDIAN"}, "categoryGroups": [{"label": "Dessert", "value": "DESSERT"}, {"label": "Course Type", "value": "COURSE_TYPE"}], "foodStatus": {"label": "Available", "value": "AVAILABLE"}, "allowedStatuses": [{"label": "Out of Stock", "value": "OUT_OF_STOCK"}, {"label": "Discontinued", "value": "DISCONTINUED"}, {"label": "Disabled", "value": "DISABLED"}], "previousStatus": "Available", "updatedAt": "2026-08-02T20:50:20.571", "updatedBy": "Admin", "createdBy": "Admin", "createdAt": "2026-07-20T21:44:09.203", "available": true}, "navigation": {"previous": {"id": "FOOD01_00032", "displayName": "Sawarma Roll", "available": true, "metadata": null}, "next": {"id": "FOOD01_00034", "displayName": "Ice cream", "available": true, "metadata": null}}}}, "responseStatus": 200, "responseMessage": "OK", "executionTimeMs": 41, "requestId": "8f6db705-b5ff-402a-98b8-003999ef06de", "ipAddress": "0:0:0:0:0:0:0:1", "createdAt": {"$date": "2026-08-02T21:26:27.4Z"}, "module": "FOOD", "method": "API", "action": "GET", "requestMethod": "POST", "_class": "com.foodies.freshmeal.common.audit.entity.impl.AuditLog"}]}
====================================================
2026-08-03 02:56:27 [task-21] INFO  c.f.f.c.config.MongoLoggingListener - 
====================================================
MONGO COMMAND SUCCESS
COMMAND  : insert
DURATION : 16 ms
====================================================
2026-08-03 02:56:38 [http-nio-8030-exec-5] WARN  o.apache.catalina.connector.Request - Creating the temporary upload location [C:\Users\Pankaj Kumar\AppData\Local\Temp\tomcat.8030.10966791875674771321\work\Tomcat\localhost\ROOT] as it is required by the servlet [dispatcherServlet]
2026-08-03 02:56:38 [http-nio-8030-exec-5] INFO  c.f.f.common.audit.util.AuditAspect - AUDIT STARTED | RequestId=07132c7a-6023-4fd7-babc-9380622fda59 | API=/api/foods/edit | HTTP Method=PUT
2026-08-03 02:56:38 [http-nio-8030-exec-5] ERROR c.f.f.common.audit.util.AuditAspect - Failed to serialize request object.
java.lang.reflect.InaccessibleObjectException: Unable to make field private final byte[] java.lang.String.value accessible: module java.base does not "opens java.lang" to unnamed module @5d3da839
	at java.base/java.lang.reflect.AccessibleObject.throwInaccessibleObjectException(AccessibleObject.java:391)
	at java.base/java.lang.reflect.AccessibleObject.checkCanSetAccessible(AccessibleObject.java:367)
	at java.base/java.lang.reflect.AccessibleObject.checkCanSetAccessible(AccessibleObject.java:315)
	at java.base/java.lang.reflect.Field.checkCanSetAccessible(Field.java:183)
	at java.base/java.lang.reflect.Field.setAccessible(Field.java:177)
	at com.foodies.freshmeal.common.audit.util.AuditMaskingUtil.maskObject(AuditMaskingUtil.java:44)
	at com.foodies.freshmeal.common.audit.util.AuditAspect.buildRequestDocument(AuditAspect.java:398)
	at com.foodies.freshmeal.common.audit.util.AuditAspect.audit(AuditAspect.java:159)
	at java.base/jdk.internal.reflect.DirectMethodHandleAccessor.invoke(DirectMethodHandleAccessor.java:103)
	at java.base/java.lang.reflect.Method.invoke(Method.java:580)
	at org.springframework.aop.aspectj.AbstractAspectJAdvice.invokeAdviceMethodWithGivenArgs(AbstractAspectJAdvice.java:648)
	at org.springframework.aop.aspectj.AbstractAspectJAdvice.invokeAdviceMethod(AbstractAspectJAdvice.java:630)
	at org.springframework.aop.aspectj.AspectJAroundAdvice.invoke(AspectJAroundAdvice.java:70)
	at org.springframework.aop.framework.ReflectiveMethodInvocation.proceed(ReflectiveMethodInvocation.java:168)
	at org.springframework.aop.interceptor.ExposeInvocationInterceptor.invoke(ExposeInvocationInterceptor.java:96)
	at org.springframework.aop.framework.ReflectiveMethodInvocation.proceed(ReflectiveMethodInvocation.java:179)
	at org.springframework.aop.framework.CglibAopProxy$DynamicAdvisedInterceptor.intercept(CglibAopProxy.java:719)
	at com.foodies.freshmeal.food.controller.impl.FoodController$$SpringCGLIB$$0.editFood(<generated>)
	at java.base/jdk.internal.reflect.DirectMethodHandleAccessor.invoke(DirectMethodHandleAccessor.java:103)
	at java.base/java.lang.reflect.Method.invoke(Method.java:580)
	at org.springframework.web.method.support.InvocableHandlerMethod.doInvoke(InvocableHandlerMethod.java:252)
	at org.springframework.web.method.support.InvocableHandlerMethod.invokeForRequest(InvocableHandlerMethod.java:184)
	at org.springframework.web.servlet.mvc.method.annotation.ServletInvocableHandlerMethod.invokeAndHandle(ServletInvocableHandlerMethod.java:117)
	at org.springframework.web.servlet.mvc.method.annotation.RequestMappingHandlerAdapter.invokeHandlerMethod(RequestMappingHandlerAdapter.java:934)
	at org.springframework.web.servlet.mvc.method.annotation.RequestMappingHandlerAdapter.handleInternal(RequestMappingHandlerAdapter.java:853)
	at org.springframework.web.servlet.mvc.method.AbstractHandlerMethodAdapter.handle(AbstractHandlerMethodAdapter.java:86)
	at org.springframework.web.servlet.DispatcherServlet.doDispatch(DispatcherServlet.java:963)
	at org.springframework.web.servlet.DispatcherServlet.doService(DispatcherServlet.java:866)
	at org.springframework.web.servlet.FrameworkServlet.processRequest(FrameworkServlet.java:1000)
	at org.springframework.web.servlet.FrameworkServlet.doPut(FrameworkServlet.java:914)
	at jakarta.servlet.http.HttpServlet.service(HttpServlet.java:650)
	at org.springframework.web.servlet.FrameworkServlet.service(FrameworkServlet.java:874)
	at jakarta.servlet.http.HttpServlet.service(HttpServlet.java:710)
	at org.apache.catalina.core.ApplicationFilterChain.doFilter(ApplicationFilterChain.java:128)
	at org.apache.tomcat.websocket.server.WsFilter.doFilter(WsFilter.java:53)
	at org.apache.catalina.core.ApplicationFilterChain.doFilter(ApplicationFilterChain.java:107)
	at org.springframework.web.filter.CompositeFilter$VirtualFilterChain.doFilter(CompositeFilter.java:108)
	at org.springframework.security.web.FilterChainProxy.lambda$doFilterInternal$3(FilterChainProxy.java:235)
	at org.springframework.security.web.FilterChainProxy$VirtualFilterChain.doFilter(FilterChainProxy.java:376)
	at org.springframework.security.web.access.intercept.AuthorizationFilter.doFilter(AuthorizationFilter.java:101)
	at org.springframework.security.web.FilterChainProxy$VirtualFilterChain.doFilter(FilterChainProxy.java:385)
	at org.springframework.security.web.access.ExceptionTranslationFilter.doFilter(ExceptionTranslationFilter.java:126)
	at org.springframework.security.web.access.ExceptionTranslationFilter.doFilter(ExceptionTranslationFilter.java:120)
	at org.springframework.security.web.FilterChainProxy$VirtualFilterChain.doFilter(FilterChainProxy.java:385)
	at org.springframework.security.web.authentication.AnonymousAuthenticationFilter.doFilter(AnonymousAuthenticationFilter.java:100)
	at org.springframework.security.web.FilterChainProxy$VirtualFilterChain.doFilter(FilterChainProxy.java:385)
	at org.springframework.security.web.servletapi.SecurityContextHolderAwareRequestFilter.doFilter(SecurityContextHolderAwareRequestFilter.java:181)
	at org.springframework.security.web.FilterChainProxy$VirtualFilterChain.doFilter(FilterChainProxy.java:385)
	at org.springframework.security.web.savedrequest.RequestCacheAwareFilter.doFilter(RequestCacheAwareFilter.java:63)
	at org.springframework.security.web.FilterChainProxy$VirtualFilterChain.doFilter(FilterChainProxy.java:385)
	at org.springframework.security.web.authentication.www.BasicAuthenticationFilter.doFilterInternal(BasicAuthenticationFilter.java:198)
	at org.springframework.web.filter.OncePerRequestFilter.doFilter(OncePerRequestFilter.java:116)
	at org.springframework.security.web.FilterChainProxy$VirtualFilterChain.doFilter(FilterChainProxy.java:385)
	at org.springframework.security.web.authentication.logout.LogoutFilter.doFilter(LogoutFilter.java:110)
	at org.springframework.security.web.authentication.logout.LogoutFilter.doFilter(LogoutFilter.java:96)
	at org.springframework.security.web.FilterChainProxy$VirtualFilterChain.doFilter(FilterChainProxy.java:385)
	at org.springframework.security.web.header.HeaderWriterFilter.doHeadersAfter(HeaderWriterFilter.java:90)
	at org.springframework.security.web.header.HeaderWriterFilter.doFilterInternal(HeaderWriterFilter.java:75)
	at org.springframework.web.filter.OncePerRequestFilter.doFilter(OncePerRequestFilter.java:116)
	at org.springframework.security.web.FilterChainProxy$VirtualFilterChain.doFilter(FilterChainProxy.java:385)
	at org.springframework.security.web.context.SecurityContextHolderFilter.doFilter(SecurityContextHolderFilter.java:82)
	at org.springframework.security.web.context.SecurityContextHolderFilter.doFilter(SecurityContextHolderFilter.java:69)
	at org.springframework.security.web.FilterChainProxy$VirtualFilterChain.doFilter(FilterChainProxy.java:385)
	at org.springframework.security.web.context.request.async.WebAsyncManagerIntegrationFilter.doFilterInternal(WebAsyncManagerIntegrationFilter.java:62)
	at org.springframework.web.filter.OncePerRequestFilter.doFilter(OncePerRequestFilter.java:116)
	at org.springframework.security.web.FilterChainProxy$VirtualFilterChain.doFilter(FilterChainProxy.java:385)
	at org.springframework.security.web.session.DisableEncodeUrlFilter.doFilterInternal(DisableEncodeUrlFilter.java:42)
	at org.springframework.web.filter.OncePerRequestFilter.doFilter(OncePerRequestFilter.java:116)
	at org.springframework.security.web.FilterChainProxy$VirtualFilterChain.doFilter(FilterChainProxy.java:385)
	at org.springframework.security.web.FilterChainProxy.doFilterInternal(FilterChainProxy.java:237)
	at org.springframework.security.web.FilterChainProxy.doFilter(FilterChainProxy.java:195)
	at org.springframework.web.filter.CompositeFilter$VirtualFilterChain.doFilter(CompositeFilter.java:113)
	at org.springframework.web.filter.ServletRequestPathFilter.doFilter(ServletRequestPathFilter.java:52)
	at org.springframework.web.filter.CompositeFilter$VirtualFilterChain.doFilter(CompositeFilter.java:113)
	at org.springframework.web.filter.CompositeFilter.doFilter(CompositeFilter.java:74)
	at org.springframework.security.config.annotation.web.configuration.WebSecurityConfiguration$CompositeFilterChainProxy.doFilter(WebSecurityConfiguration.java:317)
	at org.springframework.web.filter.DelegatingFilterProxy.invokeDelegate(DelegatingFilterProxy.java:355)
	at org.springframework.web.filter.DelegatingFilterProxy.doFilter(DelegatingFilterProxy.java:272)
	at org.apache.catalina.core.ApplicationFilterChain.doFilter(ApplicationFilterChain.java:107)
	at org.springframework.web.filter.RequestContextFilter.doFilterInternal(RequestContextFilter.java:100)
	at org.springframework.web.filter.OncePerRequestFilter.doFilter(OncePerRequestFilter.java:116)
	at org.apache.catalina.core.ApplicationFilterChain.doFilter(ApplicationFilterChain.java:107)
	at org.springframework.web.filter.FormContentFilter.doFilterInternal(FormContentFilter.java:93)
	at org.springframework.web.filter.OncePerRequestFilter.doFilter(OncePerRequestFilter.java:116)
	at org.apache.catalina.core.ApplicationFilterChain.doFilter(ApplicationFilterChain.java:107)
	at org.springframework.web.filter.CharacterEncodingFilter.doFilterInternal(CharacterEncodingFilter.java:199)
	at org.springframework.web.filter.OncePerRequestFilter.doFilter(OncePerRequestFilter.java:116)
	at org.apache.catalina.core.ApplicationFilterChain.doFilter(ApplicationFilterChain.java:107)
	at org.apache.catalina.core.StandardWrapperValve.invoke(StandardWrapperValve.java:165)
	at org.apache.catalina.core.StandardContextValve.invoke(StandardContextValve.java:77)
	at org.apache.catalina.authenticator.AuthenticatorBase.invoke(AuthenticatorBase.java:492)
	at org.apache.catalina.core.StandardHostValve.invoke(StandardHostValve.java:113)
	at org.apache.catalina.valves.ErrorReportValve.invoke(ErrorReportValve.java:83)
	at org.apache.catalina.core.StandardEngineValve.invoke(StandardEngineValve.java:72)
	at org.apache.catalina.connector.CoyoteAdapter.service(CoyoteAdapter.java:341)
	at org.apache.coyote.http11.Http11Processor.service(Http11Processor.java:397)
	at org.apache.coyote.AbstractProcessorLight.process(AbstractProcessorLight.java:63)
	at org.apache.coyote.AbstractProtocol$ConnectionHandler.process(AbstractProtocol.java:903)
	at org.apache.tomcat.util.net.NioEndpoint$SocketProcessor.doRun(NioEndpoint.java:1801)
	at org.apache.tomcat.util.net.SocketProcessorBase.run(SocketProcessorBase.java:52)
	at org.apache.tomcat.util.threads.ThreadPoolExecutor.runWorker(ThreadPoolExecutor.java:946)
	at org.apache.tomcat.util.threads.ThreadPoolExecutor$Worker.run(ThreadPoolExecutor.java:480)
	at org.apache.tomcat.util.threads.TaskThread$WrappingRunnable.run(TaskThread.java:57)
	at java.base/java.lang.Thread.run(Thread.java:1583)
2026-08-03 02:56:38 [http-nio-8030-exec-5] INFO  c.f.f.common.audit.util.AuditAspect - 
================= REQUEST =================
Timestamp   : 2026-08-03 02:56:38
RequestId   : 07132c7a-6023-4fd7-babc-9380622fda59
HTTP Method : PUT
URL         : /api/foods/edit
Payload     :
{
  "String" : "Serialization Failed"
}
===========================================

2026-08-03 02:56:38 [http-nio-8030-exec-5] DEBUG o.s.data.mongodb.core.MongoTemplate - findOne using query: { "id" : "FOOD01_00033"} fields: Document{{}} for class: class com.foodies.freshmeal.food.entity.FoodEntity in collection: fm_food
2026-08-03 02:56:38 [http-nio-8030-exec-5] INFO  c.f.f.c.config.MongoLoggingListener - 
====================================================
MONGO COMMAND STARTED
COMMAND : find
QUERY   : {"find": "fm_food", "filter": {"_id": "FOOD01_00033"}, "limit": 1, "singleBatch": true, "$db": "test", "lsid": {"id": {"$binary": {"base64": "TyWg7L2mRuuta6ure1wiNg==", "subType": "04"}}}}
====================================================
2026-08-03 02:56:38 [http-nio-8030-exec-5] INFO  c.f.f.c.config.MongoLoggingListener - 
====================================================
MONGO COMMAND SUCCESS
COMMAND  : find
DURATION : 1 ms
====================================================
2026-08-03 02:56:38 [http-nio-8030-exec-5] DEBUG o.s.data.mongodb.core.MongoTemplate - Saving Document containing fields: [_id, imageName, foodName, description, price, foodCategories, imageUrl, dietCategory, cuisineType, categoryGroups, status, statusUpdatedAt, statusUpdatedBy, food_availability, createdAt, createdBy, updatedAt, updatedBy, deletedFlag, recordStatus, _class]
2026-08-03 02:56:38 [http-nio-8030-exec-5] INFO  c.f.f.c.config.MongoLoggingListener - 
====================================================
MONGO COMMAND STARTED
COMMAND : update
QUERY   : {"update": "fm_food", "ordered": true, "$db": "test", "lsid": {"id": {"$binary": {"base64": "TyWg7L2mRuuta6ure1wiNg==", "subType": "04"}}}, "updates": [{"q": {"_id": "FOOD01_00033"}, "u": {"_id": "FOOD01_00033", "imageName": "IMG07_0000042.jpg", "foodName": "Gulab Jamun", "description": "Gulab jamun is a popular South Asian sweet consisting of deep-fried dough balls made from milk solids, soaked in a fragrant rose-scented sugar syrup. The name translates to \"rose water\" (gulab) and a dark purple plum (jamun)", "price": 20.9, "foodCategories": ["SIDE_DISH", "DESSERT"], "imageUrl": "https://fresh-meal.s3.ap-south-1.amazonaws.com/IMG07_0000042.jpg", "dietCategory": "VEG", "cuisineType": "INDIAN", "categoryGroups": ["DESSERT", "COURSE_TYPE"], "status": "DISCONTINUED", "statusUpdatedAt": {"$date": "2026-08-02T21:26:38.157Z"}, "statusUpdatedBy": "ADMIN", "food_availability": false, "createdAt": {"$date": "2026-07-20T16:14:09.203Z"}, "createdBy": "Admin", "updatedAt": {"$date": "2026-08-02T21:26:38.157Z"}, "updatedBy": "Admin", "deletedFlag": false, "recordStatus": "ACTIVE", "_class": "com.foodies.freshmeal.food.entity.FoodEntity"}, "upsert": true}]}
====================================================
2026-08-03 02:56:38 [http-nio-8030-exec-5] INFO  c.f.f.c.config.MongoLoggingListener - 
====================================================
MONGO COMMAND SUCCESS
COMMAND  : update
DURATION : 18 ms
====================================================
2026-08-03 02:56:38 [http-nio-8030-exec-5] INFO  c.f.f.common.audit.util.AuditAspect - 
================= RESPONSE =================
RequestId    : 07132c7a-6023-4fd7-babc-9380622fda59
Status       : 200
Duration(ms) : 140
Payload      :
{
  "success" : true,
  "httpStatusCode" : 200,
  "httpStatusMessage" : "OK",
  "message" : "Food edited successfully",
  "errors" : null,
  "data" : {
    "id" : "FOOD01_00033",
    "imageName" : "IMG07_0000042.jpg",
    "foodName" : "Gulab Jamun",
    "description" : "Gulab jamun is a popular South Asian sweet consisting of deep-fried dough balls made from milk solids, soaked in a fragrant rose-scented sugar syrup. The name translates to \"rose water\" (gulab) and a dark purple plum (jamun)",
    "price" : 20.9,
    "imageUrl" : "https://fresh-meal.s3.ap-south-1.amazonaws.com/IMG07_0000042.jpg",
    "foodCategories" : [ {
      "label" : "Side Dish",
      "value" : "SIDE_DISH"
    }, {
      "label" : "Dessert",
      "value" : "DESSERT"
    } ],
    "dietCategory" : {
      "label" : "Veg",
      "value" : "VEG"
    },
    "cuisineType" : {
      "label" : "Indian",
      "value" : "INDIAN"
    },
    "categoryGroups" : [ {
      "label" : "Dessert",
      "value" : "DESSERT"
    }, {
      "label" : "Course Type",
      "value" : "COURSE_TYPE"
    } ],
    "foodStatus" : {
      "label" : "Discontinued",
      "value" : "DISCONTINUED"
    },
    "allowedStatuses" : [ {
      "label" : "Coming Soon",
      "value" : "COMING_SOON"
    } ],
    "previousStatus" : "Discontinued",
    "updatedAt" : "2026-08-03T02:56:38.157106200",
    "updatedBy" : "Admin",
    "createdBy" : "Admin",
    "createdAt" : "2026-07-20T21:44:09.203",
    "available" : false
  }
}
===========================================

2026-08-03 02:56:38 [http-nio-8030-exec-5] INFO  c.f.f.common.audit.util.AuditAspect - AUDIT SUCCESS | RequestId=07132c7a-6023-4fd7-babc-9380622fda59 | Duration=140 ms
2026-08-03 02:56:38 [task-22] DEBUG o.s.data.mongodb.core.MongoTemplate - Inserting Document containing fields: [api, requestUrl, requestBody, responseBody, responseStatus, responseMessage, executionTimeMs, requestId, ipAddress, createdAt, module, method, action, requestMethod, _class] in collection: fm_api_audit_logs
2026-08-03 02:56:38 [task-22] INFO  c.f.f.c.config.MongoLoggingListener - 
====================================================
MONGO COMMAND STARTED
COMMAND : insert
QUERY   : {"insert": "fm_api_audit_logs", "ordered": true, "$db": "test", "lsid": {"id": {"$binary": {"base64": "TyWg7L2mRuuta6ure1wiNg==", "subType": "04"}}}, "documents": [{"_id": {"$oid": "6a6fb60e3dce9fb5e778e971"}, "api": "/api/foods/edit", "requestUrl": "http://localhost:8030/api/foods/edit", "requestBody": {"String": "Serialization Failed"}, "responseBody": {"success": true, "httpStatusCode": 200, "httpStatusMessage": "OK", "message": "Food edited successfully", "errors": null, "data": {"id": "FOOD01_00033", "imageName": "IMG07_0000042.jpg", "foodName": "Gulab Jamun", "description": "Gulab jamun is a popular South Asian sweet consisting of deep-fried dough balls made from milk solids, soaked in a fragrant rose-scented sugar syrup. The name translates to \"rose water\" (gulab) and a dark purple plum (jamun)", "price": 20.9, "imageUrl": "https://fresh-meal.s3.ap-south-1.amazonaws.com/IMG07_0000042.jpg", "foodCategories": [{"label": "Side Dish", "value": "SIDE_DISH"}, {"label": "Dessert", "value": "DESSERT"}], "dietCategory": {"label": "Veg", "value": "VEG"}, "cuisineType": {"label": "Indian", "value": "INDIAN"}, "categoryGroups": [{"label": "Dessert", "value": "DESSERT"}, {"label": "Course Type", "value": "COURSE_TYPE"}], "foodStatus": {"label": "Discontinued", "value": "DISCONTINUED"}, "allowedStatuses": [{"label": "Coming Soon", "value": "COMING_SOON"}], "previousStatus": "Discontinued", "updatedAt": "2026-08-03T02:56:38.157106200", "updatedBy": "Admin", "createdBy": "Admin", "createdAt": "2026-07-20T21:44:09.203", "available": false}}, "responseStatus": 200, "responseMessage": "OK", "executionTimeMs": 140, "requestId": "07132c7a-6023-4fd7-babc-9380622fda59", "ipAddress": "0:0:0:0:0:0:0:1", "createdAt": {"$date": "2026-08-02T21:26:38.062Z"}, "module": "FOOD", "method": "API", "action": "UPDATE", "requestMethod": "PUT", "_class": "com.foodies.freshmeal.common.audit.entity.impl.AuditLog"}]}
====================================================
2026-08-03 02:56:38 [task-22] INFO  c.f.f.c.config.MongoLoggingListener - 
====================================================
MONGO COMMAND SUCCESS
COMMAND  : insert
DURATION : 11 ms
====================================================
2026-08-03 02:56:38 [http-nio-8030-exec-9] INFO  c.f.f.common.audit.util.AuditAspect - AUDIT STARTED | RequestId=4f149ea7-1d05-411b-a617-fb4e51a47f3a | API=/api/foods/view | HTTP Method=POST
2026-08-03 02:56:38 [http-nio-8030-exec-9] INFO  c.f.f.common.audit.util.AuditAspect - 
================= REQUEST =================
Timestamp   : 2026-08-03 02:56:38
RequestId   : 4f149ea7-1d05-411b-a617-fb4e51a47f3a
HTTP Method : POST
URL         : /api/foods/view
Payload     :
{
  "FoodStatusRequest" : {
    "foodId" : "FOOD01_00033",
    "updateFoodStatusRequest" : null
  }
}
===========================================

2026-08-03 02:56:38 [http-nio-8030-exec-9] INFO  c.f.f.i.s.impl.ImageServiceImpl - Fetching food details for Food Id : FOOD01_00033
2026-08-03 02:56:38 [http-nio-8030-exec-9] DEBUG o.s.data.mongodb.core.MongoTemplate - findOne using query: { "id" : "FOOD01_00033"} fields: Document{{}} for class: class com.foodies.freshmeal.food.entity.FoodEntity in collection: fm_food
2026-08-03 02:56:38 [http-nio-8030-exec-9] INFO  c.f.f.c.config.MongoLoggingListener - 
====================================================
MONGO COMMAND STARTED
COMMAND : find
QUERY   : {"find": "fm_food", "filter": {"_id": "FOOD01_00033"}, "limit": 1, "singleBatch": true, "$db": "test", "lsid": {"id": {"$binary": {"base64": "TyWg7L2mRuuta6ure1wiNg==", "subType": "04"}}}}
====================================================
2026-08-03 02:56:38 [http-nio-8030-exec-9] INFO  c.f.f.c.config.MongoLoggingListener - 
====================================================
MONGO COMMAND SUCCESS
COMMAND  : find
DURATION : 1 ms
====================================================
2026-08-03 02:56:38 [http-nio-8030-exec-9] INFO  c.f.f.f.s.i.FoodNavigationServiceImpl - Building navigation for Food Id : FOOD01_00033
2026-08-03 02:56:38 [http-nio-8030-exec-9] DEBUG o.s.data.mongodb.core.MongoTemplate - find using query: { "_id" : { "$lt" : "FOOD01_00033"}} fields: Document{{}} sort: null for class: class com.foodies.freshmeal.food.entity.FoodEntity in collection: fm_food
2026-08-03 02:56:38 [http-nio-8030-exec-9] INFO  c.f.f.c.config.MongoLoggingListener - 
====================================================
MONGO COMMAND STARTED
COMMAND : find
QUERY   : {"find": "fm_food", "filter": {"_id": {"$lt": "FOOD01_00033"}}, "sort": {"_id": -1}, "limit": 1, "$db": "test", "lsid": {"id": {"$binary": {"base64": "TyWg7L2mRuuta6ure1wiNg==", "subType": "04"}}}}
====================================================
2026-08-03 02:56:38 [http-nio-8030-exec-9] INFO  c.f.f.c.config.MongoLoggingListener - 
====================================================
MONGO COMMAND SUCCESS
COMMAND  : find
DURATION : 2 ms
====================================================
2026-08-03 02:56:38 [http-nio-8030-exec-9] DEBUG o.s.data.mongodb.core.MongoTemplate - find using query: { "_id" : { "$gt" : "FOOD01_00033"}} fields: Document{{}} sort: null for class: class com.foodies.freshmeal.food.entity.FoodEntity in collection: fm_food
2026-08-03 02:56:38 [http-nio-8030-exec-9] INFO  c.f.f.c.config.MongoLoggingListener - 
====================================================
MONGO COMMAND STARTED
COMMAND : find
QUERY   : {"find": "fm_food", "filter": {"_id": {"$gt": "FOOD01_00033"}}, "sort": {"_id": 1}, "limit": 1, "$db": "test", "lsid": {"id": {"$binary": {"base64": "TyWg7L2mRuuta6ure1wiNg==", "subType": "04"}}}}
====================================================
2026-08-03 02:56:38 [http-nio-8030-exec-9] INFO  c.f.f.c.config.MongoLoggingListener - 
====================================================
MONGO COMMAND SUCCESS
COMMAND  : find
DURATION : 1 ms
====================================================
2026-08-03 02:56:38 [http-nio-8030-exec-9] INFO  c.f.f.f.s.i.FoodNavigationServiceImpl - Navigation generated successfully for Food Id : FOOD01_00033
2026-08-03 02:56:38 [http-nio-8030-exec-9] INFO  c.f.f.i.s.impl.ImageServiceImpl - Food details retrieved successfully for Food Id : FOOD01_00033
2026-08-03 02:56:38 [http-nio-8030-exec-9] INFO  c.f.f.common.audit.util.AuditAspect - 
================= RESPONSE =================
RequestId    : 4f149ea7-1d05-411b-a617-fb4e51a47f3a
Status       : 200
Duration(ms) : 36
Payload      :
{
  "success" : true,
  "httpStatusCode" : 200,
  "httpStatusMessage" : "OK",
  "message" : "Food retrived successfully",
  "errors" : null,
  "data" : {
    "data" : {
      "id" : "FOOD01_00033",
      "imageName" : "IMG07_0000042.jpg",
      "foodName" : "Gulab Jamun",
      "description" : "Gulab jamun is a popular South Asian sweet consisting of deep-fried dough balls made from milk solids, soaked in a fragrant rose-scented sugar syrup. The name translates to \"rose water\" (gulab) and a dark purple plum (jamun)",
      "price" : 20.9,
      "imageUrl" : "https://fresh-meal.s3.ap-south-1.amazonaws.com/IMG07_0000042.jpg",
      "foodCategories" : [ {
        "label" : "Side Dish",
        "value" : "SIDE_DISH"
      }, {
        "label" : "Dessert",
        "value" : "DESSERT"
      } ],
      "dietCategory" : {
        "label" : "Veg",
        "value" : "VEG"
      },
      "cuisineType" : {
        "label" : "Indian",
        "value" : "INDIAN"
      },
      "categoryGroups" : [ {
        "label" : "Dessert",
        "value" : "DESSERT"
      }, {
        "label" : "Course Type",
        "value" : "COURSE_TYPE"
      } ],
      "foodStatus" : {
        "label" : "Discontinued",
        "value" : "DISCONTINUED"
      },
      "allowedStatuses" : [ {
        "label" : "Coming Soon",
        "value" : "COMING_SOON"
      } ],
      "previousStatus" : "Discontinued",
      "updatedAt" : "2026-08-03T02:56:38.157",
      "updatedBy" : "Admin",
      "createdBy" : "Admin",
      "createdAt" : "2026-07-20T21:44:09.203",
      "available" : false
    },
    "navigation" : {
      "previous" : {
        "id" : "FOOD01_00032",
        "displayName" : "Sawarma Roll",
        "available" : true,
        "metadata" : null
      },
      "next" : {
        "id" : "FOOD01_00034",
        "displayName" : "Ice cream",
        "available" : true,
        "metadata" : null
      }
    }
  }
}
===========================================

2026-08-03 02:56:38 [http-nio-8030-exec-9] INFO  c.f.f.common.audit.util.AuditAspect - AUDIT SUCCESS | RequestId=4f149ea7-1d05-411b-a617-fb4e51a47f3a | Duration=36 ms
2026-08-03 02:56:38 [task-23] DEBUG o.s.data.mongodb.core.MongoTemplate - Inserting Document containing fields: [api, requestUrl, requestBody, responseBody, responseStatus, responseMessage, executionTimeMs, requestId, ipAddress, createdAt, module, method, action, requestMethod, _class] in collection: fm_api_audit_logs
2026-08-03 02:56:38 [task-23] INFO  c.f.f.c.config.MongoLoggingListener - 
====================================================
MONGO COMMAND STARTED
COMMAND : insert
QUERY   : {"insert": "fm_api_audit_logs", "ordered": true, "$db": "test", "lsid": {"id": {"$binary": {"base64": "TyWg7L2mRuuta6ure1wiNg==", "subType": "04"}}}, "documents": [{"_id": {"$oid": "6a6fb60e3dce9fb5e778e972"}, "api": "/api/foods/view", "requestUrl": "http://localhost:8030/api/foods/view", "requestBody": {"FoodStatusRequest": {"foodId": "FOOD01_00033", "updateFoodStatusRequest": null}}, "responseBody": {"success": true, "httpStatusCode": 200, "httpStatusMessage": "OK", "message": "Food retrived successfully", "errors": null, "data": {"data": {"id": "FOOD01_00033", "imageName": "IMG07_0000042.jpg", "foodName": "Gulab Jamun", "description": "Gulab jamun is a popular South Asian sweet consisting of deep-fried dough balls made from milk solids, soaked in a fragrant rose-scented sugar syrup. The name translates to \"rose water\" (gulab) and a dark purple plum (jamun)", "price": 20.9, "imageUrl": "https://fresh-meal.s3.ap-south-1.amazonaws.com/IMG07_0000042.jpg", "foodCategories": [{"label": "Side Dish", "value": "SIDE_DISH"}, {"label": "Dessert", "value": "DESSERT"}], "dietCategory": {"label": "Veg", "value": "VEG"}, "cuisineType": {"label": "Indian", "value": "INDIAN"}, "categoryGroups": [{"label": "Dessert", "value": "DESSERT"}, {"label": "Course Type", "value": "COURSE_TYPE"}], "foodStatus": {"label": "Discontinued", "value": "DISCONTINUED"}, "allowedStatuses": [{"label": "Coming Soon", "value": "COMING_SOON"}], "previousStatus": "Discontinued", "updatedAt": "2026-08-03T02:56:38.157", "updatedBy": "Admin", "createdBy": "Admin", "createdAt": "2026-07-20T21:44:09.203", "available": false}, "navigation": {"previous": {"id": "FOOD01_00032", "displayName": "Sawarma Roll", "available": true, "metadata": null}, "next": {"id": "FOOD01_00034", "displayName": "Ice cream", "available": true, "metadata": null}}}}, "responseStatus": 200, "responseMessage": "OK", "executionTimeMs": 36, "requestId": "4f149ea7-1d05-411b-a617-fb4e51a47f3a", "ipAddress": "0:0:0:0:0:0:0:1", "createdAt": {"$date": "2026-08-02T21:26:38.242Z"}, "module": "FOOD", "method": "API", "action": "GET", "requestMethod": "POST", "_class": "com.foodies.freshmeal.common.audit.entity.impl.AuditLog"}]}
====================================================
2026-08-03 02:56:38 [task-23] INFO  c.f.f.c.config.MongoLoggingListener - 
====================================================
MONGO COMMAND SUCCESS
COMMAND  : insert
DURATION : 7 ms
====================================================
2026-08-03 03:00:09 [http-nio-8030-exec-4] INFO  c.f.f.common.audit.util.AuditAspect - AUDIT STARTED | RequestId=b2358867-ee65-41b8-947c-bf946bcd9caa | API=/api/foods/add | HTTP Method=POST
2026-08-03 03:00:09 [http-nio-8030-exec-4] ERROR c.f.f.common.audit.util.AuditAspect - Failed to serialize request object.
java.lang.reflect.InaccessibleObjectException: Unable to make field private final byte[] java.lang.String.value accessible: module java.base does not "opens java.lang" to unnamed module @5d3da839
	at java.base/java.lang.reflect.AccessibleObject.throwInaccessibleObjectException(AccessibleObject.java:391)
	at java.base/java.lang.reflect.AccessibleObject.checkCanSetAccessible(AccessibleObject.java:367)
	at java.base/java.lang.reflect.AccessibleObject.checkCanSetAccessible(AccessibleObject.java:315)
	at java.base/java.lang.reflect.Field.checkCanSetAccessible(Field.java:183)
	at java.base/java.lang.reflect.Field.setAccessible(Field.java:177)
	at com.foodies.freshmeal.common.audit.util.AuditMaskingUtil.maskObject(AuditMaskingUtil.java:44)
	at com.foodies.freshmeal.common.audit.util.AuditAspect.buildRequestDocument(AuditAspect.java:398)
	at com.foodies.freshmeal.common.audit.util.AuditAspect.audit(AuditAspect.java:159)
	at java.base/jdk.internal.reflect.DirectMethodHandleAccessor.invoke(DirectMethodHandleAccessor.java:103)
	at java.base/java.lang.reflect.Method.invoke(Method.java:580)
	at org.springframework.aop.aspectj.AbstractAspectJAdvice.invokeAdviceMethodWithGivenArgs(AbstractAspectJAdvice.java:648)
	at org.springframework.aop.aspectj.AbstractAspectJAdvice.invokeAdviceMethod(AbstractAspectJAdvice.java:630)
	at org.springframework.aop.aspectj.AspectJAroundAdvice.invoke(AspectJAroundAdvice.java:70)
	at org.springframework.aop.framework.ReflectiveMethodInvocation.proceed(ReflectiveMethodInvocation.java:168)
	at org.springframework.aop.interceptor.ExposeInvocationInterceptor.invoke(ExposeInvocationInterceptor.java:96)
	at org.springframework.aop.framework.ReflectiveMethodInvocation.proceed(ReflectiveMethodInvocation.java:179)
	at org.springframework.aop.framework.CglibAopProxy$DynamicAdvisedInterceptor.intercept(CglibAopProxy.java:719)
	at com.foodies.freshmeal.food.controller.impl.FoodController$$SpringCGLIB$$0.addFood(<generated>)
	at java.base/jdk.internal.reflect.DirectMethodHandleAccessor.invoke(DirectMethodHandleAccessor.java:103)
	at java.base/java.lang.reflect.Method.invoke(Method.java:580)
	at org.springframework.web.method.support.InvocableHandlerMethod.doInvoke(InvocableHandlerMethod.java:252)
	at org.springframework.web.method.support.InvocableHandlerMethod.invokeForRequest(InvocableHandlerMethod.java:184)
	at org.springframework.web.servlet.mvc.method.annotation.ServletInvocableHandlerMethod.invokeAndHandle(ServletInvocableHandlerMethod.java:117)
	at org.springframework.web.servlet.mvc.method.annotation.RequestMappingHandlerAdapter.invokeHandlerMethod(RequestMappingHandlerAdapter.java:934)
	at org.springframework.web.servlet.mvc.method.annotation.RequestMappingHandlerAdapter.handleInternal(RequestMappingHandlerAdapter.java:853)
	at org.springframework.web.servlet.mvc.method.AbstractHandlerMethodAdapter.handle(AbstractHandlerMethodAdapter.java:86)
	at org.springframework.web.servlet.DispatcherServlet.doDispatch(DispatcherServlet.java:963)
	at org.springframework.web.servlet.DispatcherServlet.doService(DispatcherServlet.java:866)
	at org.springframework.web.servlet.FrameworkServlet.processRequest(FrameworkServlet.java:1000)
	at org.springframework.web.servlet.FrameworkServlet.doPost(FrameworkServlet.java:903)
	at jakarta.servlet.http.HttpServlet.service(HttpServlet.java:649)
	at org.springframework.web.servlet.FrameworkServlet.service(FrameworkServlet.java:874)
	at jakarta.servlet.http.HttpServlet.service(HttpServlet.java:710)
	at org.apache.catalina.core.ApplicationFilterChain.doFilter(ApplicationFilterChain.java:128)
	at org.apache.tomcat.websocket.server.WsFilter.doFilter(WsFilter.java:53)
	at org.apache.catalina.core.ApplicationFilterChain.doFilter(ApplicationFilterChain.java:107)
	at org.springframework.web.filter.CompositeFilter$VirtualFilterChain.doFilter(CompositeFilter.java:108)
	at org.springframework.security.web.FilterChainProxy.lambda$doFilterInternal$3(FilterChainProxy.java:235)
	at org.springframework.security.web.FilterChainProxy$VirtualFilterChain.doFilter(FilterChainProxy.java:376)
	at org.springframework.security.web.access.intercept.AuthorizationFilter.doFilter(AuthorizationFilter.java:101)
	at org.springframework.security.web.FilterChainProxy$VirtualFilterChain.doFilter(FilterChainProxy.java:385)
	at org.springframework.security.web.access.ExceptionTranslationFilter.doFilter(ExceptionTranslationFilter.java:126)
	at org.springframework.security.web.access.ExceptionTranslationFilter.doFilter(ExceptionTranslationFilter.java:120)
	at org.springframework.security.web.FilterChainProxy$VirtualFilterChain.doFilter(FilterChainProxy.java:385)
	at org.springframework.security.web.authentication.AnonymousAuthenticationFilter.doFilter(AnonymousAuthenticationFilter.java:100)
	at org.springframework.security.web.FilterChainProxy$VirtualFilterChain.doFilter(FilterChainProxy.java:385)
	at org.springframework.security.web.servletapi.SecurityContextHolderAwareRequestFilter.doFilter(SecurityContextHolderAwareRequestFilter.java:181)
	at org.springframework.security.web.FilterChainProxy$VirtualFilterChain.doFilter(FilterChainProxy.java:385)
	at org.springframework.security.web.savedrequest.RequestCacheAwareFilter.doFilter(RequestCacheAwareFilter.java:63)
	at org.springframework.security.web.FilterChainProxy$VirtualFilterChain.doFilter(FilterChainProxy.java:385)
	at org.springframework.security.web.authentication.www.BasicAuthenticationFilter.doFilterInternal(BasicAuthenticationFilter.java:198)
	at org.springframework.web.filter.OncePerRequestFilter.doFilter(OncePerRequestFilter.java:116)
	at org.springframework.security.web.FilterChainProxy$VirtualFilterChain.doFilter(FilterChainProxy.java:385)
	at org.springframework.security.web.authentication.logout.LogoutFilter.doFilter(LogoutFilter.java:110)
	at org.springframework.security.web.authentication.logout.LogoutFilter.doFilter(LogoutFilter.java:96)
	at org.springframework.security.web.FilterChainProxy$VirtualFilterChain.doFilter(FilterChainProxy.java:385)
	at org.springframework.security.web.header.HeaderWriterFilter.doHeadersAfter(HeaderWriterFilter.java:90)
	at org.springframework.security.web.header.HeaderWriterFilter.doFilterInternal(HeaderWriterFilter.java:75)
	at org.springframework.web.filter.OncePerRequestFilter.doFilter(OncePerRequestFilter.java:116)
	at org.springframework.security.web.FilterChainProxy$VirtualFilterChain.doFilter(FilterChainProxy.java:385)
	at org.springframework.security.web.context.SecurityContextHolderFilter.doFilter(SecurityContextHolderFilter.java:82)
	at org.springframework.security.web.context.SecurityContextHolderFilter.doFilter(SecurityContextHolderFilter.java:69)
	at org.springframework.security.web.FilterChainProxy$VirtualFilterChain.doFilter(FilterChainProxy.java:385)
	at org.springframework.security.web.context.request.async.WebAsyncManagerIntegrationFilter.doFilterInternal(WebAsyncManagerIntegrationFilter.java:62)
	at org.springframework.web.filter.OncePerRequestFilter.doFilter(OncePerRequestFilter.java:116)
	at org.springframework.security.web.FilterChainProxy$VirtualFilterChain.doFilter(FilterChainProxy.java:385)
	at org.springframework.security.web.session.DisableEncodeUrlFilter.doFilterInternal(DisableEncodeUrlFilter.java:42)
	at org.springframework.web.filter.OncePerRequestFilter.doFilter(OncePerRequestFilter.java:116)
	at org.springframework.security.web.FilterChainProxy$VirtualFilterChain.doFilter(FilterChainProxy.java:385)
	at org.springframework.security.web.FilterChainProxy.doFilterInternal(FilterChainProxy.java:237)
	at org.springframework.security.web.FilterChainProxy.doFilter(FilterChainProxy.java:195)
	at org.springframework.web.filter.CompositeFilter$VirtualFilterChain.doFilter(CompositeFilter.java:113)
	at org.springframework.web.filter.ServletRequestPathFilter.doFilter(ServletRequestPathFilter.java:52)
	at org.springframework.web.filter.CompositeFilter$VirtualFilterChain.doFilter(CompositeFilter.java:113)
	at org.springframework.web.filter.CompositeFilter.doFilter(CompositeFilter.java:74)
	at org.springframework.security.config.annotation.web.configuration.WebSecurityConfiguration$CompositeFilterChainProxy.doFilter(WebSecurityConfiguration.java:317)
	at org.springframework.web.filter.DelegatingFilterProxy.invokeDelegate(DelegatingFilterProxy.java:355)
	at org.springframework.web.filter.DelegatingFilterProxy.doFilter(DelegatingFilterProxy.java:272)
	at org.apache.catalina.core.ApplicationFilterChain.doFilter(ApplicationFilterChain.java:107)
	at org.springframework.web.filter.RequestContextFilter.doFilterInternal(RequestContextFilter.java:100)
	at org.springframework.web.filter.OncePerRequestFilter.doFilter(OncePerRequestFilter.java:116)
	at org.apache.catalina.core.ApplicationFilterChain.doFilter(ApplicationFilterChain.java:107)
	at org.springframework.web.filter.FormContentFilter.doFilterInternal(FormContentFilter.java:93)
	at org.springframework.web.filter.OncePerRequestFilter.doFilter(OncePerRequestFilter.java:116)
	at org.apache.catalina.core.ApplicationFilterChain.doFilter(ApplicationFilterChain.java:107)
	at org.springframework.web.filter.CharacterEncodingFilter.doFilterInternal(CharacterEncodingFilter.java:199)
	at org.springframework.web.filter.OncePerRequestFilter.doFilter(OncePerRequestFilter.java:116)
	at org.apache.catalina.core.ApplicationFilterChain.doFilter(ApplicationFilterChain.java:107)
	at org.apache.catalina.core.StandardWrapperValve.invoke(StandardWrapperValve.java:165)
	at org.apache.catalina.core.StandardContextValve.invoke(StandardContextValve.java:77)
	at org.apache.catalina.authenticator.AuthenticatorBase.invoke(AuthenticatorBase.java:492)
	at org.apache.catalina.core.StandardHostValve.invoke(StandardHostValve.java:113)
	at org.apache.catalina.valves.ErrorReportValve.invoke(ErrorReportValve.java:83)
	at org.apache.catalina.core.StandardEngineValve.invoke(StandardEngineValve.java:72)
	at org.apache.catalina.connector.CoyoteAdapter.service(CoyoteAdapter.java:341)
	at org.apache.coyote.http11.Http11Processor.service(Http11Processor.java:397)
	at org.apache.coyote.AbstractProcessorLight.process(AbstractProcessorLight.java:63)
	at org.apache.coyote.AbstractProtocol$ConnectionHandler.process(AbstractProtocol.java:903)
	at org.apache.tomcat.util.net.NioEndpoint$SocketProcessor.doRun(NioEndpoint.java:1801)
	at org.apache.tomcat.util.net.SocketProcessorBase.run(SocketProcessorBase.java:52)
	at org.apache.tomcat.util.threads.ThreadPoolExecutor.runWorker(ThreadPoolExecutor.java:946)
	at org.apache.tomcat.util.threads.ThreadPoolExecutor$Worker.run(ThreadPoolExecutor.java:480)
	at org.apache.tomcat.util.threads.TaskThread$WrappingRunnable.run(TaskThread.java:57)
	at java.base/java.lang.Thread.run(Thread.java:1583)
2026-08-03 03:00:09 [http-nio-8030-exec-4] INFO  c.f.f.common.audit.util.AuditAspect - 
================= REQUEST =================
Timestamp   : 2026-08-03 03:00:09
RequestId   : b2358867-ee65-41b8-947c-bf946bcd9caa
HTTP Method : POST
URL         : /api/foods/add
Payload     :
{
  "String" : "Serialization Failed",
  "file" : {
    "fileName" : "images.jpg",
    "contentType" : "image/jpeg",
    "fileSize" : 19074
  }
}
===========================================

2026-08-03 03:00:09 [http-nio-8030-exec-4] INFO  c.f.f.c.s.s.i.DatabaseSequenceServiceImpl - Generating next sequence for [food_sequence]
2026-08-03 03:00:09 [http-nio-8030-exec-4] DEBUG o.s.data.mongodb.core.MongoTemplate - findAndModify using query: { "_id" : "food_sequence"} fields: Document{{}} sort: null for class: class com.foodies.freshmeal.common.sequence.entity.impl.DatabaseSequence and update: { "$inc" : { "seq" : 1}} in collection: fm_database_sequences
2026-08-03 03:00:09 [http-nio-8030-exec-4] INFO  c.f.f.c.config.MongoLoggingListener - 
====================================================
MONGO COMMAND STARTED
COMMAND : findAndModify
QUERY   : {"findAndModify": "fm_database_sequences", "query": {"_id": "food_sequence"}, "fields": {}, "new": true, "upsert": true, "update": {"$inc": {"seq": 1}}, "$db": "test", "lsid": {"id": {"$binary": {"base64": "TyWg7L2mRuuta6ure1wiNg==", "subType": "04"}}}}
====================================================
2026-08-03 03:00:09 [http-nio-8030-exec-4] INFO  c.f.f.c.config.MongoLoggingListener - 
====================================================
MONGO COMMAND SUCCESS
COMMAND  : findAndModify
DURATION : 24 ms
====================================================
2026-08-03 03:00:09 [http-nio-8030-exec-4] INFO  c.f.f.c.s.s.i.DatabaseSequenceServiceImpl - Generated sequence [food_sequence] value [36]
2026-08-03 03:00:09 [http-nio-8030-exec-4] INFO  c.f.f.i.s.impl.ImageServiceImpl - Generated food ID: FOD01_36
2026-08-03 03:00:09 [http-nio-8030-exec-4] INFO  c.f.f.c.s.s.i.DatabaseSequenceServiceImpl - Generating next sequence for [image_sequence]
2026-08-03 03:00:09 [http-nio-8030-exec-4] DEBUG o.s.data.mongodb.core.MongoTemplate - findAndModify using query: { "_id" : "image_sequence"} fields: Document{{}} sort: null for class: class com.foodies.freshmeal.common.sequence.entity.impl.DatabaseSequence and update: { "$inc" : { "seq" : 1}} in collection: fm_database_sequences
2026-08-03 03:00:10 [http-nio-8030-exec-4] INFO  c.f.f.c.config.MongoLoggingListener - 
====================================================
MONGO COMMAND STARTED
COMMAND : findAndModify
QUERY   : {"findAndModify": "fm_database_sequences", "query": {"_id": "image_sequence"}, "fields": {}, "new": true, "upsert": true, "update": {"$inc": {"seq": 1}}, "$db": "test", "lsid": {"id": {"$binary": {"base64": "TyWg7L2mRuuta6ure1wiNg==", "subType": "04"}}}}
====================================================
2026-08-03 03:00:10 [http-nio-8030-exec-4] INFO  c.f.f.c.config.MongoLoggingListener - 
====================================================
MONGO COMMAND SUCCESS
COMMAND  : findAndModify
DURATION : 3 ms
====================================================
2026-08-03 03:00:10 [http-nio-8030-exec-4] INFO  c.f.f.c.s.s.i.DatabaseSequenceServiceImpl - Generated sequence [image_sequence] value [43]
2026-08-03 03:00:10 [http-nio-8030-exec-4] INFO  c.f.f.i.s.impl.ImageServiceImpl - Generated image ID: IMG07_43
2026-08-03 03:00:10 [http-nio-8030-exec-4] INFO  c.f.f.i.s.impl.ImageServiceImpl - Generated image name: IMG07_0000043.jpg
2026-08-03 03:00:11 [http-nio-8030-exec-4] DEBUG o.s.data.mongodb.core.MongoTemplate - Saving Document containing fields: [_id, imageName, originalFileName, contentType, fileSize, imageUrl, thumbnailUrl, storagePath, extension, width, height, active, createdAt, createdBy, deletedFlag, recordStatus, _class]
2026-08-03 03:00:11 [http-nio-8030-exec-4] INFO  c.f.f.c.config.MongoLoggingListener - 
====================================================
MONGO COMMAND STARTED
COMMAND : update
QUERY   : {"update": "fm_image", "ordered": true, "$db": "test", "lsid": {"id": {"$binary": {"base64": "TyWg7L2mRuuta6ure1wiNg==", "subType": "04"}}}, "updates": [{"q": {"_id": "IMG07_0000043.jpg"}, "u": {"_id": "IMG07_0000043.jpg", "imageName": "IMG07_0000043.jpg", "originalFileName": "images.jpg", "contentType": "image/jpeg", "fileSize": 19074, "imageUrl": "https://fresh-meal.s3.ap-south-1.amazonaws.com/IMG07_0000043.jpg", "thumbnailUrl": "https://fresh-meal.s3.ap-south-1.amazonaws.com/IMG07_0000043.jpg", "storagePath": "IMG07_0000043.jpg", "extension": "jpg", "width": 0, "height": 0, "active": true, "createdAt": {"$date": "2026-08-02T21:30:11.869Z"}, "createdBy": "Admin", "deletedFlag": false, "recordStatus": "ACTIVE", "_class": "com.foodies.freshmeal.image.entity.ImageEntity"}, "upsert": true}]}
====================================================
2026-08-03 03:00:11 [http-nio-8030-exec-4] INFO  c.f.f.c.config.MongoLoggingListener - 
====================================================
MONGO COMMAND SUCCESS
COMMAND  : update
DURATION : 8 ms
====================================================
2026-08-03 03:00:11 [http-nio-8030-exec-4] DEBUG o.s.data.mongodb.core.MongoTemplate - Saving Document containing fields: [_id, imageName, foodName, description, price, foodCategories, imageUrl, dietCategory, cuisineType, categoryGroups, status, food_availability, createdAt, createdBy, deletedFlag, recordStatus, _class]
2026-08-03 03:00:11 [http-nio-8030-exec-4] INFO  c.f.f.c.config.MongoLoggingListener - 
====================================================
MONGO COMMAND STARTED
COMMAND : update
QUERY   : {"update": "fm_food", "ordered": true, "$db": "test", "lsid": {"id": {"$binary": {"base64": "TyWg7L2mRuuta6ure1wiNg==", "subType": "04"}}}, "updates": [{"q": {"_id": "FOOD01_00036"}, "u": {"_id": "FOOD01_00036", "imageName": "IMG07_0000043.jpg", "foodName": "Pizza mania", "description": "non veg pizza", "price": 137.0, "foodCategories": ["PIZZA"], "imageUrl": "https://fresh-meal.s3.ap-south-1.amazonaws.com/IMG07_0000043.jpg", "dietCategory": "NON_VEG", "cuisineType": "AMERICAN", "categoryGroups": ["FAST_FOOD"], "status": "AVAILABLE", "food_availability": true, "createdAt": {"$date": "2026-08-02T21:30:11.983Z"}, "createdBy": "Admin", "deletedFlag": false, "recordStatus": "ACTIVE", "_class": "com.foodies.freshmeal.food.entity.FoodEntity"}, "upsert": true}]}
====================================================
2026-08-03 03:00:11 [http-nio-8030-exec-4] INFO  c.f.f.c.config.MongoLoggingListener - 
====================================================
MONGO COMMAND SUCCESS
COMMAND  : update
DURATION : 5 ms
====================================================
2026-08-03 03:00:12 [http-nio-8030-exec-4] INFO  c.f.f.common.audit.util.AuditAspect - 
================= RESPONSE =================
RequestId    : b2358867-ee65-41b8-947c-bf946bcd9caa
Status       : 201
Duration(ms) : 2728
Payload      :
{
  "success" : true,
  "httpStatusCode" : 201,
  "httpStatusMessage" : "CREATED",
  "message" : "Food created successfully",
  "errors" : null,
  "data" : {
    "id" : "FOOD01_00036",
    "imageName" : "IMG07_0000043.jpg",
    "foodName" : "Pizza mania",
    "description" : "non veg pizza",
    "price" : 137.0,
    "imageUrl" : "https://fresh-meal.s3.ap-south-1.amazonaws.com/IMG07_0000043.jpg",
    "foodCategories" : [ {
      "label" : "Pizza",
      "value" : "PIZZA"
    } ],
    "dietCategory" : {
      "label" : "Non Veg",
      "value" : "NON_VEG"
    },
    "cuisineType" : {
      "label" : "American",
      "value" : "AMERICAN"
    },
    "categoryGroups" : [ {
      "label" : "Fast Food",
      "value" : "FAST_FOOD"
    } ],
    "foodStatus" : {
      "label" : "Available",
      "value" : "AVAILABLE"
    },
    "allowedStatuses" : [ {
      "label" : "Out of Stock",
      "value" : "OUT_OF_STOCK"
    }, {
      "label" : "Discontinued",
      "value" : "DISCONTINUED"
    }, {
      "label" : "Disabled",
      "value" : "DISABLED"
    } ],
    "previousStatus" : "Available",
    "updatedAt" : null,
    "updatedBy" : null,
    "createdBy" : "Admin",
    "createdAt" : "2026-08-03T03:00:11.983336800",
    "available" : true
  }
}
===========================================

2026-08-03 03:00:12 [http-nio-8030-exec-4] INFO  c.f.f.common.audit.util.AuditAspect - AUDIT SUCCESS | RequestId=b2358867-ee65-41b8-947c-bf946bcd9caa | Duration=2728 ms
2026-08-03 03:00:12 [task-24] DEBUG o.s.data.mongodb.core.MongoTemplate - Inserting Document containing fields: [api, requestUrl, requestBody, responseBody, responseStatus, responseMessage, executionTimeMs, requestId, ipAddress, createdAt, module, method, action, requestMethod, _class] in collection: fm_api_audit_logs
2026-08-03 03:00:12 [task-24] INFO  c.f.f.c.config.MongoLoggingListener - 
====================================================
MONGO COMMAND STARTED
COMMAND : insert
QUERY   : {"insert": "fm_api_audit_logs", "ordered": true, "$db": "test", "lsid": {"id": {"$binary": {"base64": "TyWg7L2mRuuta6ure1wiNg==", "subType": "04"}}}, "documents": [{"_id": {"$oid": "6a6fb6e43dce9fb5e778e973"}, "api": "/api/foods/add", "requestUrl": "http://localhost:8030/api/foods/add", "requestBody": {"String": "Serialization Failed", "file": {"fileName": "images.jpg", "contentType": "image/jpeg", "fileSize": 19074}}, "responseBody": {"success": true, "httpStatusCode": 201, "httpStatusMessage": "CREATED", "message": "Food created successfully", "errors": null, "data": {"id": "FOOD01_00036", "imageName": "IMG07_0000043.jpg", "foodName": "Pizza mania", "description": "non veg pizza", "price": 137.0, "imageUrl": "https://fresh-meal.s3.ap-south-1.amazonaws.com/IMG07_0000043.jpg", "foodCategories": [{"label": "Pizza", "value": "PIZZA"}], "dietCategory": {"label": "Non Veg", "value": "NON_VEG"}, "cuisineType": {"label": "American", "value": "AMERICAN"}, "categoryGroups": [{"label": "Fast Food", "value": "FAST_FOOD"}], "foodStatus": {"label": "Available", "value": "AVAILABLE"}, "allowedStatuses": [{"label": "Out of Stock", "value": "OUT_OF_STOCK"}, {"label": "Discontinued", "value": "DISCONTINUED"}, {"label": "Disabled", "value": "DISABLED"}], "previousStatus": "Available", "updatedAt": null, "updatedBy": null, "createdBy": "Admin", "createdAt": "2026-08-03T03:00:11.983336800", "available": true}}, "responseStatus": 201, "responseMessage": "CREATED", "executionTimeMs": 2728, "requestId": "b2358867-ee65-41b8-947c-bf946bcd9caa", "ipAddress": "0:0:0:0:0:0:0:1", "createdAt": {"$date": "2026-08-02T21:30:09.29Z"}, "module": "FOOD", "method": "API", "action": "CREATE", "requestMethod": "POST", "_class": "com.foodies.freshmeal.common.audit.entity.impl.AuditLog"}]}
====================================================
2026-08-03 03:00:12 [task-24] INFO  c.f.f.c.config.MongoLoggingListener - 
====================================================
MONGO COMMAND SUCCESS
COMMAND  : insert
DURATION : 6 ms
====================================================
2026-08-03 03:00:18 [http-nio-8030-exec-2] DEBUG o.s.data.mongodb.core.MongoTemplate - find using query: {} fields: Document{{}} sort: null for class: class com.foodies.freshmeal.food.entity.FoodEntity in collection: fm_food
2026-08-03 03:00:18 [http-nio-8030-exec-2] INFO  c.f.f.c.config.MongoLoggingListener - 
====================================================
MONGO COMMAND STARTED
COMMAND : find
QUERY   : {"find": "fm_food", "filter": {}, "$db": "test", "lsid": {"id": {"$binary": {"base64": "TyWg7L2mRuuta6ure1wiNg==", "subType": "04"}}}}
====================================================
2026-08-03 03:00:18 [http-nio-8030-exec-2] INFO  c.f.f.c.config.MongoLoggingListener - 
====================================================
MONGO COMMAND SUCCESS
COMMAND  : find
DURATION : 5 ms
====================================================
2026-08-03 03:00:18 [http-nio-8030-exec-2] INFO  c.f.f.i.s.impl.ImageServiceImpl - Food ID: FOOD01_00031, Food Name: Rasgulla, Description: Rasgulla is a popular South Asian dessert made from ball-shaped dumplings of chhena (Indian cottage cheese) and semolina. These soft, spongy dumplings are cooked and soaked in a light, sweet syrup. The name derives from two Hindi/Sanskrit words: ras (juice/syrup) and gulla (ball), Price: 15.0, Category: [DESSERT], Image URL: https://fresh-meal.s3.ap-south-1.amazonaws.com/IMG07_0000038.jpg
2026-08-03 03:00:18 [http-nio-8030-exec-2] INFO  c.f.f.i.s.impl.ImageServiceImpl - Food ID: FOOD01_00032, Food Name: Sawarma Roll, Description: Shawarma is a popular Middle Eastern street food consisting of thinly sliced meat—like chicken, beef, or lamb—stacked onto a vertical rotisserie and slow-roasted. As the cone rotates, crispy outer layers are shaved off and usually wrapped in flatbread with vegetables, pickles, and sauces., Price: 248.99, Category: [Roll], Image URL: https://fresh-meal.s3.ap-south-1.amazonaws.com/IMG07_0000039.jpg
2026-08-03 03:00:18 [http-nio-8030-exec-2] INFO  c.f.f.i.s.impl.ImageServiceImpl - Food ID: FOOD01_00033, Food Name: Gulab Jamun, Description: Gulab jamun is a popular South Asian sweet consisting of deep-fried dough balls made from milk solids, soaked in a fragrant rose-scented sugar syrup. The name translates to "rose water" (gulab) and a dark purple plum (jamun), Price: 20.9, Category: [SIDE_DISH, DESSERT], Image URL: https://fresh-meal.s3.ap-south-1.amazonaws.com/IMG07_0000042.jpg
2026-08-03 03:00:18 [http-nio-8030-exec-2] INFO  c.f.f.i.s.impl.ImageServiceImpl - Food ID: FOOD01_00034, Food Name: Ice cream, Description: Ice cream is a cold, sweet, and creamy frozen dessert made from milk, cream, and sugar. , Price: 249.0, Category: [DESSERT, ICE_CREAM], Image URL: https://fresh-meal.s3.ap-south-1.amazonaws.com/IMG07_0000041.jpg
2026-08-03 03:00:18 [http-nio-8030-exec-2] INFO  c.f.f.i.s.impl.ImageServiceImpl - Food ID: FOOD01_00035, Food Name: Tomato Chuteny, Description: , Price: 2.0, Category: [OTHER], Image URL: https://fresh-meal.s3.ap-south-1.amazonaws.com/IMG07_0000025.png
2026-08-03 03:00:18 [http-nio-8030-exec-2] INFO  c.f.f.i.s.impl.ImageServiceImpl - Food ID: FOOD01_00036, Food Name: Pizza mania, Description: non veg pizza, Price: 137.0, Category: [PIZZA], Image URL: https://fresh-meal.s3.ap-south-1.amazonaws.com/IMG07_0000043.jpg
2026-08-03 03:00:29 [http-nio-8030-exec-6] INFO  c.f.f.common.audit.util.AuditAspect - AUDIT STARTED | RequestId=ade03eef-a02b-4684-b335-2522d9094c67 | API=/api/foods/FOOD01_00036/status | HTTP Method=PATCH
2026-08-03 03:00:29 [http-nio-8030-exec-6] ERROR c.f.f.common.audit.util.AuditAspect - Failed to serialize request object.
java.lang.reflect.InaccessibleObjectException: Unable to make field private final byte[] java.lang.String.value accessible: module java.base does not "opens java.lang" to unnamed module @5d3da839
	at java.base/java.lang.reflect.AccessibleObject.throwInaccessibleObjectException(AccessibleObject.java:391)
	at java.base/java.lang.reflect.AccessibleObject.checkCanSetAccessible(AccessibleObject.java:367)
	at java.base/java.lang.reflect.AccessibleObject.checkCanSetAccessible(AccessibleObject.java:315)
	at java.base/java.lang.reflect.Field.checkCanSetAccessible(Field.java:183)
	at java.base/java.lang.reflect.Field.setAccessible(Field.java:177)
	at com.foodies.freshmeal.common.audit.util.AuditMaskingUtil.maskObject(AuditMaskingUtil.java:44)
	at com.foodies.freshmeal.common.audit.util.AuditAspect.buildRequestDocument(AuditAspect.java:398)
	at com.foodies.freshmeal.common.audit.util.AuditAspect.audit(AuditAspect.java:159)
	at java.base/jdk.internal.reflect.DirectMethodHandleAccessor.invoke(DirectMethodHandleAccessor.java:103)
	at java.base/java.lang.reflect.Method.invoke(Method.java:580)
	at org.springframework.aop.aspectj.AbstractAspectJAdvice.invokeAdviceMethodWithGivenArgs(AbstractAspectJAdvice.java:648)
	at org.springframework.aop.aspectj.AbstractAspectJAdvice.invokeAdviceMethod(AbstractAspectJAdvice.java:630)
	at org.springframework.aop.aspectj.AspectJAroundAdvice.invoke(AspectJAroundAdvice.java:70)
	at org.springframework.aop.framework.ReflectiveMethodInvocation.proceed(ReflectiveMethodInvocation.java:168)
	at org.springframework.aop.interceptor.ExposeInvocationInterceptor.invoke(ExposeInvocationInterceptor.java:96)
	at org.springframework.aop.framework.ReflectiveMethodInvocation.proceed(ReflectiveMethodInvocation.java:179)
	at org.springframework.aop.framework.CglibAopProxy$DynamicAdvisedInterceptor.intercept(CglibAopProxy.java:719)
	at com.foodies.freshmeal.food.controller.impl.FoodController$$SpringCGLIB$$0.updateFoodStatus(<generated>)
	at java.base/jdk.internal.reflect.DirectMethodHandleAccessor.invoke(DirectMethodHandleAccessor.java:103)
	at java.base/java.lang.reflect.Method.invoke(Method.java:580)
	at org.springframework.web.method.support.InvocableHandlerMethod.doInvoke(InvocableHandlerMethod.java:252)
	at org.springframework.web.method.support.InvocableHandlerMethod.invokeForRequest(InvocableHandlerMethod.java:184)
	at org.springframework.web.servlet.mvc.method.annotation.ServletInvocableHandlerMethod.invokeAndHandle(ServletInvocableHandlerMethod.java:117)
	at org.springframework.web.servlet.mvc.method.annotation.RequestMappingHandlerAdapter.invokeHandlerMethod(RequestMappingHandlerAdapter.java:934)
	at org.springframework.web.servlet.mvc.method.annotation.RequestMappingHandlerAdapter.handleInternal(RequestMappingHandlerAdapter.java:853)
	at org.springframework.web.servlet.mvc.method.AbstractHandlerMethodAdapter.handle(AbstractHandlerMethodAdapter.java:86)
	at org.springframework.web.servlet.DispatcherServlet.doDispatch(DispatcherServlet.java:963)
	at org.springframework.web.servlet.DispatcherServlet.doService(DispatcherServlet.java:866)
	at org.springframework.web.servlet.FrameworkServlet.processRequest(FrameworkServlet.java:1000)
	at org.springframework.web.servlet.FrameworkServlet.service(FrameworkServlet.java:877)
	at jakarta.servlet.http.HttpServlet.service(HttpServlet.java:710)
	at org.apache.catalina.core.ApplicationFilterChain.doFilter(ApplicationFilterChain.java:128)
	at org.apache.tomcat.websocket.server.WsFilter.doFilter(WsFilter.java:53)
	at org.apache.catalina.core.ApplicationFilterChain.doFilter(ApplicationFilterChain.java:107)
	at org.springframework.web.filter.CompositeFilter$VirtualFilterChain.doFilter(CompositeFilter.java:108)
	at org.springframework.security.web.FilterChainProxy.lambda$doFilterInternal$3(FilterChainProxy.java:235)
	at org.springframework.security.web.FilterChainProxy$VirtualFilterChain.doFilter(FilterChainProxy.java:376)
	at org.springframework.security.web.access.intercept.AuthorizationFilter.doFilter(AuthorizationFilter.java:101)
	at org.springframework.security.web.FilterChainProxy$VirtualFilterChain.doFilter(FilterChainProxy.java:385)
	at org.springframework.security.web.access.ExceptionTranslationFilter.doFilter(ExceptionTranslationFilter.java:126)
	at org.springframework.security.web.access.ExceptionTranslationFilter.doFilter(ExceptionTranslationFilter.java:120)
	at org.springframework.security.web.FilterChainProxy$VirtualFilterChain.doFilter(FilterChainProxy.java:385)
	at org.springframework.security.web.authentication.AnonymousAuthenticationFilter.doFilter(AnonymousAuthenticationFilter.java:100)
	at org.springframework.security.web.FilterChainProxy$VirtualFilterChain.doFilter(FilterChainProxy.java:385)
	at org.springframework.security.web.servletapi.SecurityContextHolderAwareRequestFilter.doFilter(SecurityContextHolderAwareRequestFilter.java:181)
	at org.springframework.security.web.FilterChainProxy$VirtualFilterChain.doFilter(FilterChainProxy.java:385)
	at org.springframework.security.web.savedrequest.RequestCacheAwareFilter.doFilter(RequestCacheAwareFilter.java:63)
	at org.springframework.security.web.FilterChainProxy$VirtualFilterChain.doFilter(FilterChainProxy.java:385)
	at org.springframework.security.web.authentication.www.BasicAuthenticationFilter.doFilterInternal(BasicAuthenticationFilter.java:198)
	at org.springframework.web.filter.OncePerRequestFilter.doFilter(OncePerRequestFilter.java:116)
	at org.springframework.security.web.FilterChainProxy$VirtualFilterChain.doFilter(FilterChainProxy.java:385)
	at org.springframework.security.web.authentication.logout.LogoutFilter.doFilter(LogoutFilter.java:110)
	at org.springframework.security.web.authentication.logout.LogoutFilter.doFilter(LogoutFilter.java:96)
	at org.springframework.security.web.FilterChainProxy$VirtualFilterChain.doFilter(FilterChainProxy.java:385)
	at org.springframework.security.web.header.HeaderWriterFilter.doHeadersAfter(HeaderWriterFilter.java:90)
	at org.springframework.security.web.header.HeaderWriterFilter.doFilterInternal(HeaderWriterFilter.java:75)
	at org.springframework.web.filter.OncePerRequestFilter.doFilter(OncePerRequestFilter.java:116)
	at org.springframework.security.web.FilterChainProxy$VirtualFilterChain.doFilter(FilterChainProxy.java:385)
	at org.springframework.security.web.context.SecurityContextHolderFilter.doFilter(SecurityContextHolderFilter.java:82)
	at org.springframework.security.web.context.SecurityContextHolderFilter.doFilter(SecurityContextHolderFilter.java:69)
	at org.springframework.security.web.FilterChainProxy$VirtualFilterChain.doFilter(FilterChainProxy.java:385)
	at org.springframework.security.web.context.request.async.WebAsyncManagerIntegrationFilter.doFilterInternal(WebAsyncManagerIntegrationFilter.java:62)
	at org.springframework.web.filter.OncePerRequestFilter.doFilter(OncePerRequestFilter.java:116)
	at org.springframework.security.web.FilterChainProxy$VirtualFilterChain.doFilter(FilterChainProxy.java:385)
	at org.springframework.security.web.session.DisableEncodeUrlFilter.doFilterInternal(DisableEncodeUrlFilter.java:42)
	at org.springframework.web.filter.OncePerRequestFilter.doFilter(OncePerRequestFilter.java:116)
	at org.springframework.security.web.FilterChainProxy$VirtualFilterChain.doFilter(FilterChainProxy.java:385)
	at org.springframework.security.web.FilterChainProxy.doFilterInternal(FilterChainProxy.java:237)
	at org.springframework.security.web.FilterChainProxy.doFilter(FilterChainProxy.java:195)
	at org.springframework.web.filter.CompositeFilter$VirtualFilterChain.doFilter(CompositeFilter.java:113)
	at org.springframework.web.filter.ServletRequestPathFilter.doFilter(ServletRequestPathFilter.java:52)
	at org.springframework.web.filter.CompositeFilter$VirtualFilterChain.doFilter(CompositeFilter.java:113)
	at org.springframework.web.filter.CompositeFilter.doFilter(CompositeFilter.java:74)
	at org.springframework.security.config.annotation.web.configuration.WebSecurityConfiguration$CompositeFilterChainProxy.doFilter(WebSecurityConfiguration.java:317)
	at org.springframework.web.filter.DelegatingFilterProxy.invokeDelegate(DelegatingFilterProxy.java:355)
	at org.springframework.web.filter.DelegatingFilterProxy.doFilter(DelegatingFilterProxy.java:272)
	at org.apache.catalina.core.ApplicationFilterChain.doFilter(ApplicationFilterChain.java:107)
	at org.springframework.web.filter.RequestContextFilter.doFilterInternal(RequestContextFilter.java:100)
	at org.springframework.web.filter.OncePerRequestFilter.doFilter(OncePerRequestFilter.java:116)
	at org.apache.catalina.core.ApplicationFilterChain.doFilter(ApplicationFilterChain.java:107)
	at org.springframework.web.filter.FormContentFilter.doFilterInternal(FormContentFilter.java:93)
	at org.springframework.web.filter.OncePerRequestFilter.doFilter(OncePerRequestFilter.java:116)
	at org.apache.catalina.core.ApplicationFilterChain.doFilter(ApplicationFilterChain.java:107)
	at org.springframework.web.filter.CharacterEncodingFilter.doFilterInternal(CharacterEncodingFilter.java:199)
	at org.springframework.web.filter.OncePerRequestFilter.doFilter(OncePerRequestFilter.java:116)
	at org.apache.catalina.core.ApplicationFilterChain.doFilter(ApplicationFilterChain.java:107)
	at org.apache.catalina.core.StandardWrapperValve.invoke(StandardWrapperValve.java:165)
	at org.apache.catalina.core.StandardContextValve.invoke(StandardContextValve.java:77)
	at org.apache.catalina.authenticator.AuthenticatorBase.invoke(AuthenticatorBase.java:492)
	at org.apache.catalina.core.StandardHostValve.invoke(StandardHostValve.java:113)
	at org.apache.catalina.valves.ErrorReportValve.invoke(ErrorReportValve.java:83)
	at org.apache.catalina.core.StandardEngineValve.invoke(StandardEngineValve.java:72)
	at org.apache.catalina.connector.CoyoteAdapter.service(CoyoteAdapter.java:341)
	at org.apache.coyote.http11.Http11Processor.service(Http11Processor.java:397)
	at org.apache.coyote.AbstractProcessorLight.process(AbstractProcessorLight.java:63)
	at org.apache.coyote.AbstractProtocol$ConnectionHandler.process(AbstractProtocol.java:903)
	at org.apache.tomcat.util.net.NioEndpoint$SocketProcessor.doRun(NioEndpoint.java:1801)
	at org.apache.tomcat.util.net.SocketProcessorBase.run(SocketProcessorBase.java:52)
	at org.apache.tomcat.util.threads.ThreadPoolExecutor.runWorker(ThreadPoolExecutor.java:946)
	at org.apache.tomcat.util.threads.ThreadPoolExecutor$Worker.run(ThreadPoolExecutor.java:480)
	at org.apache.tomcat.util.threads.TaskThread$WrappingRunnable.run(TaskThread.java:57)
	at java.base/java.lang.Thread.run(Thread.java:1583)
2026-08-03 03:00:29 [http-nio-8030-exec-6] INFO  c.f.f.common.audit.util.AuditAspect - 
================= REQUEST =================
Timestamp   : 2026-08-03 03:00:29
RequestId   : ade03eef-a02b-4684-b335-2522d9094c67
HTTP Method : PATCH
URL         : /api/foods/FOOD01_00036/status
Payload     :
{
  "String" : "Serialization Failed",
  "UpdateFoodStatusRequest" : {
    "status" : {
      "label" : "Discontinued",
      "value" : "DISCONTINUED"
    }
  }
}
===========================================

2026-08-03 03:00:29 [http-nio-8030-exec-6] DEBUG o.s.data.mongodb.core.MongoTemplate - findOne using query: { "id" : "FOOD01_00036"} fields: Document{{}} for class: class com.foodies.freshmeal.food.entity.FoodEntity in collection: fm_food
2026-08-03 03:00:29 [http-nio-8030-exec-6] INFO  c.f.f.c.config.MongoLoggingListener - 
====================================================
MONGO COMMAND STARTED
COMMAND : find
QUERY   : {"find": "fm_food", "filter": {"_id": "FOOD01_00036"}, "limit": 1, "singleBatch": true, "$db": "test", "lsid": {"id": {"$binary": {"base64": "TyWg7L2mRuuta6ure1wiNg==", "subType": "04"}}}}
====================================================
2026-08-03 03:00:29 [http-nio-8030-exec-6] INFO  c.f.f.c.config.MongoLoggingListener - 
====================================================
MONGO COMMAND SUCCESS
COMMAND  : find
DURATION : 1 ms
====================================================
2026-08-03 03:00:29 [http-nio-8030-exec-6] DEBUG o.s.data.mongodb.core.MongoTemplate - Saving Document containing fields: [_id, imageName, foodName, description, price, foodCategories, imageUrl, dietCategory, cuisineType, categoryGroups, status, statusUpdatedAt, statusUpdatedBy, food_availability, createdAt, createdBy, updatedAt, updatedBy, deletedFlag, recordStatus, _class]
2026-08-03 03:00:29 [http-nio-8030-exec-6] INFO  c.f.f.c.config.MongoLoggingListener - 
====================================================
MONGO COMMAND STARTED
COMMAND : update
QUERY   : {"update": "fm_food", "ordered": true, "$db": "test", "lsid": {"id": {"$binary": {"base64": "TyWg7L2mRuuta6ure1wiNg==", "subType": "04"}}}, "updates": [{"q": {"_id": "FOOD01_00036"}, "u": {"_id": "FOOD01_00036", "imageName": "IMG07_0000043.jpg", "foodName": "Pizza mania", "description": "non veg pizza", "price": 137.0, "foodCategories": ["PIZZA"], "imageUrl": "https://fresh-meal.s3.ap-south-1.amazonaws.com/IMG07_0000043.jpg", "dietCategory": "NON_VEG", "cuisineType": "AMERICAN", "categoryGroups": ["FAST_FOOD"], "status": "DISCONTINUED", "statusUpdatedAt": {"$date": "2026-08-02T21:30:29.092Z"}, "statusUpdatedBy": "ADMIN", "food_availability": true, "createdAt": {"$date": "2026-08-02T21:30:11.983Z"}, "createdBy": "Admin", "updatedAt": {"$date": "2026-08-02T21:30:29.092Z"}, "updatedBy": "ADMIN", "deletedFlag": false, "recordStatus": "ACTIVE", "_class": "com.foodies.freshmeal.food.entity.FoodEntity"}, "upsert": true}]}
====================================================
2026-08-03 03:00:29 [http-nio-8030-exec-6] INFO  c.f.f.c.config.MongoLoggingListener - 
====================================================
MONGO COMMAND SUCCESS
COMMAND  : update
DURATION : 4 ms
====================================================
2026-08-03 03:00:29 [http-nio-8030-exec-6] INFO  c.f.f.common.audit.util.AuditAspect - 
================= RESPONSE =================
RequestId    : ade03eef-a02b-4684-b335-2522d9094c67
Status       : 200
Duration(ms) : 20
Payload      :
{
  "success" : true,
  "httpStatusCode" : 200,
  "httpStatusMessage" : "OK",
  "message" : "Food status updated successfully.",
  "errors" : null,
  "data" : {
    "id" : "FOOD01_00036",
    "imageName" : "IMG07_0000043.jpg",
    "foodName" : "Pizza mania",
    "description" : "non veg pizza",
    "price" : 137.0,
    "imageUrl" : "https://fresh-meal.s3.ap-south-1.amazonaws.com/IMG07_0000043.jpg",
    "foodCategories" : [ {
      "label" : "Pizza",
      "value" : "PIZZA"
    } ],
    "dietCategory" : {
      "label" : "Non Veg",
      "value" : "NON_VEG"
    },
    "cuisineType" : {
      "label" : "American",
      "value" : "AMERICAN"
    },
    "categoryGroups" : [ {
      "label" : "Fast Food",
      "value" : "FAST_FOOD"
    } ],
    "foodStatus" : {
      "label" : "Discontinued",
      "value" : "DISCONTINUED"
    },
    "allowedStatuses" : [ {
      "label" : "Coming Soon",
      "value" : "COMING_SOON"
    } ],
    "previousStatus" : "Available",
    "updatedAt" : "2026-08-03T03:00:29.092616700",
    "updatedBy" : "ADMIN",
    "createdBy" : null,
    "createdAt" : null,
    "available" : false
  }
}
===========================================

2026-08-03 03:00:29 [http-nio-8030-exec-6] INFO  c.f.f.common.audit.util.AuditAspect - AUDIT SUCCESS | RequestId=ade03eef-a02b-4684-b335-2522d9094c67 | Duration=20 ms
2026-08-03 03:00:29 [task-25] DEBUG o.s.data.mongodb.core.MongoTemplate - Inserting Document containing fields: [api, requestUrl, requestBody, responseBody, responseStatus, responseMessage, executionTimeMs, requestId, ipAddress, createdAt, module, method, action, requestMethod, _class] in collection: fm_api_audit_logs
2026-08-03 03:00:29 [task-25] INFO  c.f.f.c.config.MongoLoggingListener - 
====================================================
MONGO COMMAND STARTED
COMMAND : insert
QUERY   : {"insert": "fm_api_audit_logs", "ordered": true, "$db": "test", "lsid": {"id": {"$binary": {"base64": "TyWg7L2mRuuta6ure1wiNg==", "subType": "04"}}}, "documents": [{"_id": {"$oid": "6a6fb6f53dce9fb5e778e974"}, "api": "/api/foods/FOOD01_00036/status", "requestUrl": "http://localhost:8030/api/foods/FOOD01_00036/status", "requestBody": {"String": "Serialization Failed", "UpdateFoodStatusRequest": {"status": {"label": "Discontinued", "value": "DISCONTINUED"}}}, "responseBody": {"success": true, "httpStatusCode": 200, "httpStatusMessage": "OK", "message": "Food status updated successfully.", "errors": null, "data": {"id": "FOOD01_00036", "imageName": "IMG07_0000043.jpg", "foodName": "Pizza mania", "description": "non veg pizza", "price": 137.0, "imageUrl": "https://fresh-meal.s3.ap-south-1.amazonaws.com/IMG07_0000043.jpg", "foodCategories": [{"label": "Pizza", "value": "PIZZA"}], "dietCategory": {"label": "Non Veg", "value": "NON_VEG"}, "cuisineType": {"label": "American", "value": "AMERICAN"}, "categoryGroups": [{"label": "Fast Food", "value": "FAST_FOOD"}], "foodStatus": {"label": "Discontinued", "value": "DISCONTINUED"}, "allowedStatuses": [{"label": "Coming Soon", "value": "COMING_SOON"}], "previousStatus": "Available", "updatedAt": "2026-08-03T03:00:29.092616700", "updatedBy": "ADMIN", "createdBy": null, "createdAt": null, "available": false}}, "responseStatus": 200, "responseMessage": "OK", "executionTimeMs": 20, "requestId": "ade03eef-a02b-4684-b335-2522d9094c67", "ipAddress": "0:0:0:0:0:0:0:1", "createdAt": {"$date": "2026-08-02T21:30:29.082Z"}, "module": "FOOD", "method": "API", "action": "UPDATE", "requestMethod": "PATCH", "_class": "com.foodies.freshmeal.common.audit.entity.impl.AuditLog"}]}
====================================================
2026-08-03 03:00:29 [task-25] INFO  c.f.f.c.config.MongoLoggingListener - 
====================================================
MONGO COMMAND SUCCESS
COMMAND  : insert
DURATION : 4 ms
====================================================
2026-08-03 03:00:37 [http-nio-8030-exec-5] INFO  c.f.f.common.audit.util.AuditAspect - AUDIT STARTED | RequestId=a3e2c94d-6a84-4ddf-a830-a705b0e717e0 | API=/api/foods/view | HTTP Method=POST
2026-08-03 03:00:37 [http-nio-8030-exec-5] INFO  c.f.f.common.audit.util.AuditAspect - 
================= REQUEST =================
Timestamp   : 2026-08-03 03:00:37
RequestId   : a3e2c94d-6a84-4ddf-a830-a705b0e717e0
HTTP Method : POST
URL         : /api/foods/view
Payload     :
{
  "FoodStatusRequest" : {
    "foodId" : "FOOD01_00036",
    "updateFoodStatusRequest" : null
  }
}
===========================================

2026-08-03 03:00:37 [http-nio-8030-exec-5] INFO  c.f.f.i.s.impl.ImageServiceImpl - Fetching food details for Food Id : FOOD01_00036
2026-08-03 03:00:37 [http-nio-8030-exec-5] DEBUG o.s.data.mongodb.core.MongoTemplate - findOne using query: { "id" : "FOOD01_00036"} fields: Document{{}} for class: class com.foodies.freshmeal.food.entity.FoodEntity in collection: fm_food
2026-08-03 03:00:37 [http-nio-8030-exec-5] INFO  c.f.f.c.config.MongoLoggingListener - 
====================================================
MONGO COMMAND STARTED
COMMAND : find
QUERY   : {"find": "fm_food", "filter": {"_id": "FOOD01_00036"}, "limit": 1, "singleBatch": true, "$db": "test", "lsid": {"id": {"$binary": {"base64": "TyWg7L2mRuuta6ure1wiNg==", "subType": "04"}}}}
====================================================
2026-08-03 03:00:37 [http-nio-8030-exec-5] INFO  c.f.f.c.config.MongoLoggingListener - 
====================================================
MONGO COMMAND SUCCESS
COMMAND  : find
DURATION : 2 ms
====================================================
2026-08-03 03:00:37 [http-nio-8030-exec-5] INFO  c.f.f.f.s.i.FoodNavigationServiceImpl - Building navigation for Food Id : FOOD01_00036
2026-08-03 03:00:37 [http-nio-8030-exec-5] DEBUG o.s.data.mongodb.core.MongoTemplate - find using query: { "_id" : { "$lt" : "FOOD01_00036"}} fields: Document{{}} sort: null for class: class com.foodies.freshmeal.food.entity.FoodEntity in collection: fm_food
2026-08-03 03:00:37 [http-nio-8030-exec-5] INFO  c.f.f.c.config.MongoLoggingListener - 
====================================================
MONGO COMMAND STARTED
COMMAND : find
QUERY   : {"find": "fm_food", "filter": {"_id": {"$lt": "FOOD01_00036"}}, "sort": {"_id": -1}, "limit": 1, "$db": "test", "lsid": {"id": {"$binary": {"base64": "TyWg7L2mRuuta6ure1wiNg==", "subType": "04"}}}}
====================================================
2026-08-03 03:00:37 [http-nio-8030-exec-5] INFO  c.f.f.c.config.MongoLoggingListener - 
====================================================
MONGO COMMAND SUCCESS
COMMAND  : find
DURATION : 2 ms
====================================================
2026-08-03 03:00:37 [http-nio-8030-exec-5] DEBUG o.s.data.mongodb.core.MongoTemplate - find using query: { "_id" : { "$gt" : "FOOD01_00036"}} fields: Document{{}} sort: null for class: class com.foodies.freshmeal.food.entity.FoodEntity in collection: fm_food
2026-08-03 03:00:37 [http-nio-8030-exec-5] INFO  c.f.f.c.config.MongoLoggingListener - 
====================================================
MONGO COMMAND STARTED
COMMAND : find
QUERY   : {"find": "fm_food", "filter": {"_id": {"$gt": "FOOD01_00036"}}, "sort": {"_id": 1}, "limit": 1, "$db": "test", "lsid": {"id": {"$binary": {"base64": "TyWg7L2mRuuta6ure1wiNg==", "subType": "04"}}}}
====================================================
2026-08-03 03:00:37 [http-nio-8030-exec-5] INFO  c.f.f.c.config.MongoLoggingListener - 
====================================================
MONGO COMMAND SUCCESS
COMMAND  : find
DURATION : 1 ms
====================================================
2026-08-03 03:00:37 [http-nio-8030-exec-5] INFO  c.f.f.f.s.i.FoodNavigationServiceImpl - Navigation generated successfully for Food Id : FOOD01_00036
2026-08-03 03:00:37 [http-nio-8030-exec-5] INFO  c.f.f.i.s.impl.ImageServiceImpl - Food details retrieved successfully for Food Id : FOOD01_00036
2026-08-03 03:00:37 [http-nio-8030-exec-5] INFO  c.f.f.common.audit.util.AuditAspect - 
================= RESPONSE =================
RequestId    : a3e2c94d-6a84-4ddf-a830-a705b0e717e0
Status       : 200
Duration(ms) : 41
Payload      :
{
  "success" : true,
  "httpStatusCode" : 200,
  "httpStatusMessage" : "OK",
  "message" : "Food retrived successfully",
  "errors" : null,
  "data" : {
    "data" : {
      "id" : "FOOD01_00036",
      "imageName" : "IMG07_0000043.jpg",
      "foodName" : "Pizza mania",
      "description" : "non veg pizza",
      "price" : 137.0,
      "imageUrl" : "https://fresh-meal.s3.ap-south-1.amazonaws.com/IMG07_0000043.jpg",
      "foodCategories" : [ {
        "label" : "Pizza",
        "value" : "PIZZA"
      } ],
      "dietCategory" : {
        "label" : "Non Veg",
        "value" : "NON_VEG"
      },
      "cuisineType" : {
        "label" : "American",
        "value" : "AMERICAN"
      },
      "categoryGroups" : [ {
        "label" : "Fast Food",
        "value" : "FAST_FOOD"
      } ],
      "foodStatus" : {
        "label" : "Discontinued",
        "value" : "DISCONTINUED"
      },
      "allowedStatuses" : [ {
        "label" : "Coming Soon",
        "value" : "COMING_SOON"
      } ],
      "previousStatus" : "Discontinued",
      "updatedAt" : "2026-08-03T03:00:29.092",
      "updatedBy" : "ADMIN",
      "createdBy" : "Admin",
      "createdAt" : "2026-08-03T03:00:11.983",
      "available" : true
    },
    "navigation" : {
      "previous" : {
        "id" : "FOOD01_00035",
        "displayName" : "Tomato Chuteny",
        "available" : true,
        "metadata" : null
      },
      "next" : {
        "id" : null,
        "displayName" : null,
        "available" : false,
        "metadata" : null
      }
    }
  }
}
===========================================

2026-08-03 03:00:37 [http-nio-8030-exec-5] INFO  c.f.f.common.audit.util.AuditAspect - AUDIT SUCCESS | RequestId=a3e2c94d-6a84-4ddf-a830-a705b0e717e0 | Duration=41 ms
2026-08-03 03:00:37 [task-26] DEBUG o.s.data.mongodb.core.MongoTemplate - Inserting Document containing fields: [api, requestUrl, requestBody, responseBody, responseStatus, responseMessage, executionTimeMs, requestId, ipAddress, createdAt, module, method, action, requestMethod, _class] in collection: fm_api_audit_logs
2026-08-03 03:00:37 [task-26] INFO  c.f.f.c.config.MongoLoggingListener - 
====================================================
MONGO COMMAND STARTED
COMMAND : insert
QUERY   : {"insert": "fm_api_audit_logs", "ordered": true, "$db": "test", "lsid": {"id": {"$binary": {"base64": "TyWg7L2mRuuta6ure1wiNg==", "subType": "04"}}}, "documents": [{"_id": {"$oid": "6a6fb6fd3dce9fb5e778e975"}, "api": "/api/foods/view", "requestUrl": "http://localhost:8030/api/foods/view", "requestBody": {"FoodStatusRequest": {"foodId": "FOOD01_00036", "updateFoodStatusRequest": null}}, "responseBody": {"success": true, "httpStatusCode": 200, "httpStatusMessage": "OK", "message": "Food retrived successfully", "errors": null, "data": {"data": {"id": "FOOD01_00036", "imageName": "IMG07_0000043.jpg", "foodName": "Pizza mania", "description": "non veg pizza", "price": 137.0, "imageUrl": "https://fresh-meal.s3.ap-south-1.amazonaws.com/IMG07_0000043.jpg", "foodCategories": [{"label": "Pizza", "value": "PIZZA"}], "dietCategory": {"label": "Non Veg", "value": "NON_VEG"}, "cuisineType": {"label": "American", "value": "AMERICAN"}, "categoryGroups": [{"label": "Fast Food", "value": "FAST_FOOD"}], "foodStatus": {"label": "Discontinued", "value": "DISCONTINUED"}, "allowedStatuses": [{"label": "Coming Soon", "value": "COMING_SOON"}], "previousStatus": "Discontinued", "updatedAt": "2026-08-03T03:00:29.092", "updatedBy": "ADMIN", "createdBy": "Admin", "createdAt": "2026-08-03T03:00:11.983", "available": true}, "navigation": {"previous": {"id": "FOOD01_00035", "displayName": "Tomato Chuteny", "available": true, "metadata": null}, "next": {"id": null, "displayName": null, "available": false, "metadata": null}}}}, "responseStatus": 200, "responseMessage": "OK", "executionTimeMs": 41, "requestId": "a3e2c94d-6a84-4ddf-a830-a705b0e717e0", "ipAddress": "0:0:0:0:0:0:0:1", "createdAt": {"$date": "2026-08-02T21:30:37.731Z"}, "module": "FOOD", "method": "API", "action": "GET", "requestMethod": "POST", "_class": "com.foodies.freshmeal.common.audit.entity.impl.AuditLog"}]}
====================================================
2026-08-03 03:00:37 [task-26] INFO  c.f.f.c.config.MongoLoggingListener - 
====================================================
MONGO COMMAND SUCCESS
COMMAND  : insert
DURATION : 3 ms
====================================================
2026-08-03 03:00:42 [http-nio-8030-exec-9] WARN  c.f.f.c.e.GlobalExceptionHandler - Malformed request body : JSON parse error: Cannot construct instance of `com.foodies.freshmeal.common.dto.DisplayOptionResponse` (although at least one Creator exists): no String-argument constructor/factory method to deserialize from String value ('COMING_SOON')
2026-08-03 03:00:42 [http-nio-8030-exec-9] WARN  o.s.w.s.m.m.a.ExceptionHandlerExceptionResolver - Resolved [org.springframework.http.converter.HttpMessageNotReadableException: JSON parse error: Cannot construct instance of `com.foodies.freshmeal.common.dto.DisplayOptionResponse` (although at least one Creator exists): no String-argument constructor/factory method to deserialize from String value ('COMING_SOON')]
2026-08-03 03:00:57 [http-nio-8030-exec-7] DEBUG o.s.data.mongodb.core.MongoTemplate - find using query: {} fields: Document{{}} sort: null for class: class com.foodies.freshmeal.food.entity.FoodEntity in collection: fm_food
2026-08-03 03:00:57 [http-nio-8030-exec-7] INFO  c.f.f.c.config.MongoLoggingListener - 
====================================================
MONGO COMMAND STARTED
COMMAND : find
QUERY   : {"find": "fm_food", "filter": {}, "$db": "test", "lsid": {"id": {"$binary": {"base64": "TyWg7L2mRuuta6ure1wiNg==", "subType": "04"}}}}
====================================================
2026-08-03 03:00:57 [http-nio-8030-exec-7] INFO  c.f.f.c.config.MongoLoggingListener - 
====================================================
MONGO COMMAND SUCCESS
COMMAND  : find
DURATION : 2 ms
====================================================
2026-08-03 03:00:57 [http-nio-8030-exec-7] INFO  c.f.f.i.s.impl.ImageServiceImpl - Food ID: FOOD01_00031, Food Name: Rasgulla, Description: Rasgulla is a popular South Asian dessert made from ball-shaped dumplings of chhena (Indian cottage cheese) and semolina. These soft, spongy dumplings are cooked and soaked in a light, sweet syrup. The name derives from two Hindi/Sanskrit words: ras (juice/syrup) and gulla (ball), Price: 15.0, Category: [DESSERT], Image URL: https://fresh-meal.s3.ap-south-1.amazonaws.com/IMG07_0000038.jpg
2026-08-03 03:00:57 [http-nio-8030-exec-7] INFO  c.f.f.i.s.impl.ImageServiceImpl - Food ID: FOOD01_00032, Food Name: Sawarma Roll, Description: Shawarma is a popular Middle Eastern street food consisting of thinly sliced meat—like chicken, beef, or lamb—stacked onto a vertical rotisserie and slow-roasted. As the cone rotates, crispy outer layers are shaved off and usually wrapped in flatbread with vegetables, pickles, and sauces., Price: 248.99, Category: [Roll], Image URL: https://fresh-meal.s3.ap-south-1.amazonaws.com/IMG07_0000039.jpg
2026-08-03 03:00:57 [http-nio-8030-exec-7] INFO  c.f.f.i.s.impl.ImageServiceImpl - Food ID: FOOD01_00033, Food Name: Gulab Jamun, Description: Gulab jamun is a popular South Asian sweet consisting of deep-fried dough balls made from milk solids, soaked in a fragrant rose-scented sugar syrup. The name translates to "rose water" (gulab) and a dark purple plum (jamun), Price: 20.9, Category: [SIDE_DISH, DESSERT], Image URL: https://fresh-meal.s3.ap-south-1.amazonaws.com/IMG07_0000042.jpg
2026-08-03 03:00:57 [http-nio-8030-exec-7] INFO  c.f.f.i.s.impl.ImageServiceImpl - Food ID: FOOD01_00034, Food Name: Ice cream, Description: Ice cream is a cold, sweet, and creamy frozen dessert made from milk, cream, and sugar. , Price: 249.0, Category: [DESSERT, ICE_CREAM], Image URL: https://fresh-meal.s3.ap-south-1.amazonaws.com/IMG07_0000041.jpg
2026-08-03 03:00:57 [http-nio-8030-exec-7] INFO  c.f.f.i.s.impl.ImageServiceImpl - Food ID: FOOD01_00035, Food Name: Tomato Chuteny, Description: , Price: 2.0, Category: [OTHER], Image URL: https://fresh-meal.s3.ap-south-1.amazonaws.com/IMG07_0000025.png
2026-08-03 03:00:57 [http-nio-8030-exec-7] INFO  c.f.f.i.s.impl.ImageServiceImpl - Food ID: FOOD01_00036, Food Name: Pizza mania, Description: non veg pizza, Price: 137.0, Category: [PIZZA], Image URL: https://fresh-meal.s3.ap-south-1.amazonaws.com/IMG07_0000043.jpg
2026-08-03 03:01:28 [http-nio-8030-exec-10] DEBUG o.s.data.mongodb.core.MongoTemplate - find using query: {} fields: Document{{}} sort: null for class: class com.foodies.freshmeal.food.entity.FoodEntity in collection: fm_food
2026-08-03 03:01:28 [http-nio-8030-exec-10] INFO  c.f.f.c.config.MongoLoggingListener - 
====================================================
MONGO COMMAND STARTED
COMMAND : find
QUERY   : {"find": "fm_food", "filter": {}, "$db": "test", "lsid": {"id": {"$binary": {"base64": "TyWg7L2mRuuta6ure1wiNg==", "subType": "04"}}}}
====================================================
2026-08-03 03:01:28 [http-nio-8030-exec-10] INFO  c.f.f.c.config.MongoLoggingListener - 
====================================================
MONGO COMMAND SUCCESS
COMMAND  : find
DURATION : 6 ms
====================================================
2026-08-03 03:01:28 [http-nio-8030-exec-10] INFO  c.f.f.i.s.impl.ImageServiceImpl - Food ID: FOOD01_00031, Food Name: Rasgulla, Description: Rasgulla is a popular South Asian dessert made from ball-shaped dumplings of chhena (Indian cottage cheese) and semolina. These soft, spongy dumplings are cooked and soaked in a light, sweet syrup. The name derives from two Hindi/Sanskrit words: ras (juice/syrup) and gulla (ball), Price: 15.0, Category: [DESSERT], Image URL: https://fresh-meal.s3.ap-south-1.amazonaws.com/IMG07_0000038.jpg
2026-08-03 03:01:28 [http-nio-8030-exec-10] INFO  c.f.f.i.s.impl.ImageServiceImpl - Food ID: FOOD01_00032, Food Name: Sawarma Roll, Description: Shawarma is a popular Middle Eastern street food consisting of thinly sliced meat—like chicken, beef, or lamb—stacked onto a vertical rotisserie and slow-roasted. As the cone rotates, crispy outer layers are shaved off and usually wrapped in flatbread with vegetables, pickles, and sauces., Price: 248.99, Category: [Roll], Image URL: https://fresh-meal.s3.ap-south-1.amazonaws.com/IMG07_0000039.jpg
2026-08-03 03:01:28 [http-nio-8030-exec-10] INFO  c.f.f.i.s.impl.ImageServiceImpl - Food ID: FOOD01_00033, Food Name: Gulab Jamun, Description: Gulab jamun is a popular South Asian sweet consisting of deep-fried dough balls made from milk solids, soaked in a fragrant rose-scented sugar syrup. The name translates to "rose water" (gulab) and a dark purple plum (jamun), Price: 20.9, Category: [SIDE_DISH, DESSERT], Image URL: https://fresh-meal.s3.ap-south-1.amazonaws.com/IMG07_0000042.jpg
2026-08-03 03:01:28 [http-nio-8030-exec-10] INFO  c.f.f.i.s.impl.ImageServiceImpl - Food ID: FOOD01_00034, Food Name: Ice cream, Description: Ice cream is a cold, sweet, and creamy frozen dessert made from milk, cream, and sugar. , Price: 249.0, Category: [DESSERT, ICE_CREAM], Image URL: https://fresh-meal.s3.ap-south-1.amazonaws.com/IMG07_0000041.jpg
2026-08-03 03:01:28 [http-nio-8030-exec-10] INFO  c.f.f.i.s.impl.ImageServiceImpl - Food ID: FOOD01_00035, Food Name: Tomato Chuteny, Description: , Price: 2.0, Category: [OTHER], Image URL: https://fresh-meal.s3.ap-south-1.amazonaws.com/IMG07_0000025.png
2026-08-03 03:01:28 [http-nio-8030-exec-10] INFO  c.f.f.i.s.impl.ImageServiceImpl - Food ID: FOOD01_00036, Food Name: Pizza mania, Description: non veg pizza, Price: 137.0, Category: [PIZZA], Image URL: https://fresh-meal.s3.ap-south-1.amazonaws.com/IMG07_0000043.jpg
2026-08-03 03:29:42 [http-nio-8030-exec-6] DEBUG o.s.data.mongodb.core.MongoTemplate - find using query: {} fields: Document{{}} sort: null for class: class com.foodies.freshmeal.food.entity.FoodEntity in collection: fm_food
2026-08-03 03:29:42 [http-nio-8030-exec-6] INFO  c.f.f.c.config.MongoLoggingListener - 
====================================================
MONGO COMMAND STARTED
COMMAND : find
QUERY   : {"find": "fm_food", "filter": {}, "$db": "test", "lsid": {"id": {"$binary": {"base64": "TyWg7L2mRuuta6ure1wiNg==", "subType": "04"}}}}
====================================================
2026-08-03 03:29:42 [http-nio-8030-exec-6] INFO  c.f.f.c.config.MongoLoggingListener - 
====================================================
MONGO COMMAND SUCCESS
COMMAND  : find
DURATION : 35 ms
====================================================
2026-08-03 03:29:42 [http-nio-8030-exec-6] INFO  c.f.f.i.s.impl.ImageServiceImpl - Food ID: FOOD01_00031, Food Name: Rasgulla, Description: Rasgulla is a popular South Asian dessert made from ball-shaped dumplings of chhena (Indian cottage cheese) and semolina. These soft, spongy dumplings are cooked and soaked in a light, sweet syrup. The name derives from two Hindi/Sanskrit words: ras (juice/syrup) and gulla (ball), Price: 15.0, Category: [DESSERT], Image URL: https://fresh-meal.s3.ap-south-1.amazonaws.com/IMG07_0000038.jpg
2026-08-03 03:29:42 [http-nio-8030-exec-6] INFO  c.f.f.i.s.impl.ImageServiceImpl - Food ID: FOOD01_00032, Food Name: Sawarma Roll, Description: Shawarma is a popular Middle Eastern street food consisting of thinly sliced meat—like chicken, beef, or lamb—stacked onto a vertical rotisserie and slow-roasted. As the cone rotates, crispy outer layers are shaved off and usually wrapped in flatbread with vegetables, pickles, and sauces., Price: 248.99, Category: [Roll], Image URL: https://fresh-meal.s3.ap-south-1.amazonaws.com/IMG07_0000039.jpg
2026-08-03 03:29:42 [http-nio-8030-exec-6] INFO  c.f.f.i.s.impl.ImageServiceImpl - Food ID: FOOD01_00033, Food Name: Gulab Jamun, Description: Gulab jamun is a popular South Asian sweet consisting of deep-fried dough balls made from milk solids, soaked in a fragrant rose-scented sugar syrup. The name translates to "rose water" (gulab) and a dark purple plum (jamun), Price: 20.9, Category: [SIDE_DISH, DESSERT], Image URL: https://fresh-meal.s3.ap-south-1.amazonaws.com/IMG07_0000042.jpg
2026-08-03 03:29:42 [http-nio-8030-exec-6] INFO  c.f.f.i.s.impl.ImageServiceImpl - Food ID: FOOD01_00034, Food Name: Ice cream, Description: Ice cream is a cold, sweet, and creamy frozen dessert made from milk, cream, and sugar. , Price: 249.0, Category: [DESSERT, ICE_CREAM], Image URL: https://fresh-meal.s3.ap-south-1.amazonaws.com/IMG07_0000041.jpg
2026-08-03 03:29:42 [http-nio-8030-exec-6] INFO  c.f.f.i.s.impl.ImageServiceImpl - Food ID: FOOD01_00035, Food Name: Tomato Chuteny, Description: , Price: 2.0, Category: [OTHER], Image URL: https://fresh-meal.s3.ap-south-1.amazonaws.com/IMG07_0000025.png
2026-08-03 03:29:42 [http-nio-8030-exec-6] INFO  c.f.f.i.s.impl.ImageServiceImpl - Food ID: FOOD01_00036, Food Name: Pizza mania, Description: non veg pizza, Price: 137.0, Category: [PIZZA], Image URL: https://fresh-meal.s3.ap-south-1.amazonaws.com/IMG07_0000043.jpg
2026-08-03 04:01:14 [http-nio-8030-exec-7] DEBUG o.s.data.mongodb.core.MongoTemplate - find using query: {} fields: Document{{}} sort: null for class: class com.foodies.freshmeal.food.entity.FoodEntity in collection: fm_food
2026-08-03 04:01:14 [http-nio-8030-exec-7] INFO  c.f.f.c.config.MongoLoggingListener - 
====================================================
MONGO COMMAND STARTED
COMMAND : find
QUERY   : {"find": "fm_food", "filter": {}, "$db": "test", "lsid": {"id": {"$binary": {"base64": "UiiE2ZBUTmuk+P0Id6h5qg==", "subType": "04"}}}}
====================================================
2026-08-03 04:01:14 [http-nio-8030-exec-7] INFO  c.f.f.c.config.MongoLoggingListener - 
====================================================
MONGO COMMAND SUCCESS
COMMAND  : find
DURATION : 26 ms
====================================================
2026-08-03 04:01:14 [http-nio-8030-exec-7] INFO  c.f.f.i.s.impl.ImageServiceImpl - Food ID: FOOD01_00031, Food Name: Rasgulla, Description: Rasgulla is a popular South Asian dessert made from ball-shaped dumplings of chhena (Indian cottage cheese) and semolina. These soft, spongy dumplings are cooked and soaked in a light, sweet syrup. The name derives from two Hindi/Sanskrit words: ras (juice/syrup) and gulla (ball), Price: 15.0, Category: [DESSERT], Image URL: https://fresh-meal.s3.ap-south-1.amazonaws.com/IMG07_0000038.jpg
2026-08-03 04:01:14 [http-nio-8030-exec-7] INFO  c.f.f.i.s.impl.ImageServiceImpl - Food ID: FOOD01_00032, Food Name: Sawarma Roll, Description: Shawarma is a popular Middle Eastern street food consisting of thinly sliced meat—like chicken, beef, or lamb—stacked onto a vertical rotisserie and slow-roasted. As the cone rotates, crispy outer layers are shaved off and usually wrapped in flatbread with vegetables, pickles, and sauces., Price: 248.99, Category: [Roll], Image URL: https://fresh-meal.s3.ap-south-1.amazonaws.com/IMG07_0000039.jpg
2026-08-03 04:01:14 [http-nio-8030-exec-7] INFO  c.f.f.i.s.impl.ImageServiceImpl - Food ID: FOOD01_00033, Food Name: Gulab Jamun, Description: Gulab jamun is a popular South Asian sweet consisting of deep-fried dough balls made from milk solids, soaked in a fragrant rose-scented sugar syrup. The name translates to "rose water" (gulab) and a dark purple plum (jamun), Price: 20.9, Category: [SIDE_DISH, DESSERT], Image URL: https://fresh-meal.s3.ap-south-1.amazonaws.com/IMG07_0000042.jpg
2026-08-03 04:01:14 [http-nio-8030-exec-7] INFO  c.f.f.i.s.impl.ImageServiceImpl - Food ID: FOOD01_00034, Food Name: Ice cream, Description: Ice cream is a cold, sweet, and creamy frozen dessert made from milk, cream, and sugar. , Price: 249.0, Category: [DESSERT, ICE_CREAM], Image URL: https://fresh-meal.s3.ap-south-1.amazonaws.com/IMG07_0000041.jpg
2026-08-03 04:01:14 [http-nio-8030-exec-7] INFO  c.f.f.i.s.impl.ImageServiceImpl - Food ID: FOOD01_00035, Food Name: Tomato Chuteny, Description: , Price: 2.0, Category: [OTHER], Image URL: https://fresh-meal.s3.ap-south-1.amazonaws.com/IMG07_0000025.png
2026-08-03 04:01:14 [http-nio-8030-exec-7] INFO  c.f.f.i.s.impl.ImageServiceImpl - Food ID: FOOD01_00036, Food Name: Pizza mania, Description: non veg pizza, Price: 137.0, Category: [PIZZA], Image URL: https://fresh-meal.s3.ap-south-1.amazonaws.com/IMG07_0000043.jpg
2026-08-03 04:01:28 [http-nio-8030-exec-1] INFO  c.f.f.common.audit.util.AuditAspect - AUDIT STARTED | RequestId=0521d6ae-ee13-44dc-b70f-11e6505041ce | API=/api/foods/view | HTTP Method=POST
2026-08-03 04:01:28 [http-nio-8030-exec-1] INFO  c.f.f.common.audit.util.AuditAspect - 
================= REQUEST =================
Timestamp   : 2026-08-03 04:01:28
RequestId   : 0521d6ae-ee13-44dc-b70f-11e6505041ce
HTTP Method : POST
URL         : /api/foods/view
Payload     :
{
  "FoodStatusRequest" : {
    "foodId" : "FOOD01_00033",
    "updateFoodStatusRequest" : null
  }
}
===========================================

2026-08-03 04:01:28 [http-nio-8030-exec-1] INFO  c.f.f.i.s.impl.ImageServiceImpl - Fetching food details for Food Id : FOOD01_00033
2026-08-03 04:01:28 [http-nio-8030-exec-1] DEBUG o.s.data.mongodb.core.MongoTemplate - findOne using query: { "id" : "FOOD01_00033"} fields: Document{{}} for class: class com.foodies.freshmeal.food.entity.FoodEntity in collection: fm_food
2026-08-03 04:01:28 [http-nio-8030-exec-1] INFO  c.f.f.c.config.MongoLoggingListener - 
====================================================
MONGO COMMAND STARTED
COMMAND : find
QUERY   : {"find": "fm_food", "filter": {"_id": "FOOD01_00033"}, "limit": 1, "singleBatch": true, "$db": "test", "lsid": {"id": {"$binary": {"base64": "UiiE2ZBUTmuk+P0Id6h5qg==", "subType": "04"}}}}
====================================================
2026-08-03 04:01:28 [http-nio-8030-exec-1] INFO  c.f.f.c.config.MongoLoggingListener - 
====================================================
MONGO COMMAND SUCCESS
COMMAND  : find
DURATION : 7 ms
====================================================
2026-08-03 04:01:28 [http-nio-8030-exec-1] INFO  c.f.f.f.s.i.FoodNavigationServiceImpl - Building navigation for Food Id : FOOD01_00033
2026-08-03 04:01:28 [http-nio-8030-exec-1] DEBUG o.s.data.mongodb.core.MongoTemplate - find using query: { "_id" : { "$lt" : "FOOD01_00033"}} fields: Document{{}} sort: null for class: class com.foodies.freshmeal.food.entity.FoodEntity in collection: fm_food
2026-08-03 04:01:28 [http-nio-8030-exec-1] INFO  c.f.f.c.config.MongoLoggingListener - 
====================================================
MONGO COMMAND STARTED
COMMAND : find
QUERY   : {"find": "fm_food", "filter": {"_id": {"$lt": "FOOD01_00033"}}, "sort": {"_id": -1}, "limit": 1, "$db": "test", "lsid": {"id": {"$binary": {"base64": "UiiE2ZBUTmuk+P0Id6h5qg==", "subType": "04"}}}}
====================================================
2026-08-03 04:01:28 [http-nio-8030-exec-1] INFO  c.f.f.c.config.MongoLoggingListener - 
====================================================
MONGO COMMAND SUCCESS
COMMAND  : find
DURATION : 8 ms
====================================================
2026-08-03 04:01:28 [http-nio-8030-exec-1] DEBUG o.s.data.mongodb.core.MongoTemplate - find using query: { "_id" : { "$gt" : "FOOD01_00033"}} fields: Document{{}} sort: null for class: class com.foodies.freshmeal.food.entity.FoodEntity in collection: fm_food
2026-08-03 04:01:28 [http-nio-8030-exec-1] INFO  c.f.f.c.config.MongoLoggingListener - 
====================================================
MONGO COMMAND STARTED
COMMAND : find
QUERY   : {"find": "fm_food", "filter": {"_id": {"$gt": "FOOD01_00033"}}, "sort": {"_id": 1}, "limit": 1, "$db": "test", "lsid": {"id": {"$binary": {"base64": "UiiE2ZBUTmuk+P0Id6h5qg==", "subType": "04"}}}}
====================================================
2026-08-03 04:01:28 [http-nio-8030-exec-1] INFO  c.f.f.c.config.MongoLoggingListener - 
====================================================
MONGO COMMAND SUCCESS
COMMAND  : find
DURATION : 2 ms
====================================================
2026-08-03 04:01:28 [http-nio-8030-exec-1] INFO  c.f.f.f.s.i.FoodNavigationServiceImpl - Navigation generated successfully for Food Id : FOOD01_00033
2026-08-03 04:01:28 [http-nio-8030-exec-1] INFO  c.f.f.i.s.impl.ImageServiceImpl - Food details retrieved successfully for Food Id : FOOD01_00033
2026-08-03 04:01:28 [http-nio-8030-exec-1] INFO  c.f.f.common.audit.util.AuditAspect - 
================= RESPONSE =================
RequestId    : 0521d6ae-ee13-44dc-b70f-11e6505041ce
Status       : 200
Duration(ms) : 372
Payload      :
{
  "success" : true,
  "httpStatusCode" : 200,
  "httpStatusMessage" : "OK",
  "message" : "Food retrived successfully",
  "errors" : null,
  "data" : {
    "data" : {
      "id" : "FOOD01_00033",
      "imageName" : "IMG07_0000042.jpg",
      "foodName" : "Gulab Jamun",
      "description" : "Gulab jamun is a popular South Asian sweet consisting of deep-fried dough balls made from milk solids, soaked in a fragrant rose-scented sugar syrup. The name translates to \"rose water\" (gulab) and a dark purple plum (jamun)",
      "price" : 20.9,
      "imageUrl" : "https://fresh-meal.s3.ap-south-1.amazonaws.com/IMG07_0000042.jpg",
      "foodCategories" : [ {
        "label" : "Side Dish",
        "value" : "SIDE_DISH"
      }, {
        "label" : "Dessert",
        "value" : "DESSERT"
      } ],
      "dietCategory" : {
        "label" : "Veg",
        "value" : "VEG"
      },
      "cuisineType" : {
        "label" : "Indian",
        "value" : "INDIAN"
      },
      "categoryGroups" : [ {
        "label" : "Dessert",
        "value" : "DESSERT"
      }, {
        "label" : "Course Type",
        "value" : "COURSE_TYPE"
      } ],
      "foodStatus" : {
        "label" : "Discontinued",
        "value" : "DISCONTINUED"
      },
      "allowedStatuses" : [ {
        "label" : "Coming Soon",
        "value" : "COMING_SOON"
      } ],
      "previousStatus" : "Discontinued",
      "updatedAt" : "2026-08-03T02:56:38.157",
      "updatedBy" : "Admin",
      "createdBy" : "Admin",
      "createdAt" : "2026-07-20T21:44:09.203",
      "available" : false
    },
    "navigation" : {
      "previous" : {
        "id" : "FOOD01_00032",
        "displayName" : "Sawarma Roll",
        "available" : true,
        "metadata" : null
      },
      "next" : {
        "id" : "FOOD01_00034",
        "displayName" : "Ice cream",
        "available" : true,
        "metadata" : null
      }
    }
  }
}
===========================================

2026-08-03 04:01:28 [http-nio-8030-exec-1] INFO  c.f.f.common.audit.util.AuditAspect - AUDIT SUCCESS | RequestId=0521d6ae-ee13-44dc-b70f-11e6505041ce | Duration=372 ms
2026-08-03 04:01:28 [task-27] DEBUG o.s.data.mongodb.core.MongoTemplate - Inserting Document containing fields: [api, requestUrl, requestBody, responseBody, responseStatus, responseMessage, executionTimeMs, requestId, ipAddress, createdAt, module, method, action, requestMethod, _class] in collection: fm_api_audit_logs
2026-08-03 04:01:28 [task-27] INFO  c.f.f.c.config.MongoLoggingListener - 
====================================================
MONGO COMMAND STARTED
COMMAND : insert
QUERY   : {"insert": "fm_api_audit_logs", "ordered": true, "$db": "test", "lsid": {"id": {"$binary": {"base64": "UiiE2ZBUTmuk+P0Id6h5qg==", "subType": "04"}}}, "documents": [{"_id": {"$oid": "6a6fc5403dce9fb5e778e976"}, "api": "/api/foods/view", "requestUrl": "http://localhost:8030/api/foods/view", "requestBody": {"FoodStatusRequest": {"foodId": "FOOD01_00033", "updateFoodStatusRequest": null}}, "responseBody": {"success": true, "httpStatusCode": 200, "httpStatusMessage": "OK", "message": "Food retrived successfully", "errors": null, "data": {"data": {"id": "FOOD01_00033", "imageName": "IMG07_0000042.jpg", "foodName": "Gulab Jamun", "description": "Gulab jamun is a popular South Asian sweet consisting of deep-fried dough balls made from milk solids, soaked in a fragrant rose-scented sugar syrup. The name translates to \"rose water\" (gulab) and a dark purple plum (jamun)", "price": 20.9, "imageUrl": "https://fresh-meal.s3.ap-south-1.amazonaws.com/IMG07_0000042.jpg", "foodCategories": [{"label": "Side Dish", "value": "SIDE_DISH"}, {"label": "Dessert", "value": "DESSERT"}], "dietCategory": {"label": "Veg", "value": "VEG"}, "cuisineType": {"label": "Indian", "value": "INDIAN"}, "categoryGroups": [{"label": "Dessert", "value": "DESSERT"}, {"label": "Course Type", "value": "COURSE_TYPE"}], "foodStatus": {"label": "Discontinued", "value": "DISCONTINUED"}, "allowedStatuses": [{"label": "Coming Soon", "value": "COMING_SOON"}], "previousStatus": "Discontinued", "updatedAt": "2026-08-03T02:56:38.157", "updatedBy": "Admin", "createdBy": "Admin", "createdAt": "2026-07-20T21:44:09.203", "available": false}, "navigation": {"previous": {"id": "FOOD01_00032", "displayName": "Sawarma Roll", "available": true, "metadata": null}, "next": {"id": "FOOD01_00034", "displayName": "Ice cream", "available": true, "metadata": null}}}}, "responseStatus": 200, "responseMessage": "OK", "executionTimeMs": 372, "requestId": "0521d6ae-ee13-44dc-b70f-11e6505041ce", "ipAddress": "0:0:0:0:0:0:0:1", "createdAt": {"$date": "2026-08-02T22:31:28.432Z"}, "module": "FOOD", "method": "API", "action": "GET", "requestMethod": "POST", "_class": "com.foodies.freshmeal.common.audit.entity.impl.AuditLog"}]}
====================================================
2026-08-03 04:01:28 [task-27] INFO  c.f.f.c.config.MongoLoggingListener - 
====================================================
MONGO COMMAND SUCCESS
COMMAND  : insert
DURATION : 21 ms
====================================================
2026-08-03 04:01:35 [http-nio-8030-exec-3] INFO  c.f.f.common.audit.util.AuditAspect - AUDIT STARTED | RequestId=5ad968bb-0f88-4f57-a846-1600a07ae844 | API=/api/foods/FOOD01_00033/status | HTTP Method=PATCH
2026-08-03 04:01:35 [http-nio-8030-exec-3] ERROR c.f.f.common.audit.util.AuditAspect - Failed to serialize request object.
java.lang.reflect.InaccessibleObjectException: Unable to make field private final byte[] java.lang.String.value accessible: module java.base does not "opens java.lang" to unnamed module @5d3da839
	at java.base/java.lang.reflect.AccessibleObject.throwInaccessibleObjectException(AccessibleObject.java:391)
	at java.base/java.lang.reflect.AccessibleObject.checkCanSetAccessible(AccessibleObject.java:367)
	at java.base/java.lang.reflect.AccessibleObject.checkCanSetAccessible(AccessibleObject.java:315)
	at java.base/java.lang.reflect.Field.checkCanSetAccessible(Field.java:183)
	at java.base/java.lang.reflect.Field.setAccessible(Field.java:177)
	at com.foodies.freshmeal.common.audit.util.AuditMaskingUtil.maskObject(AuditMaskingUtil.java:44)
	at com.foodies.freshmeal.common.audit.util.AuditAspect.buildRequestDocument(AuditAspect.java:398)
	at com.foodies.freshmeal.common.audit.util.AuditAspect.audit(AuditAspect.java:159)
	at java.base/jdk.internal.reflect.DirectMethodHandleAccessor.invoke(DirectMethodHandleAccessor.java:103)
	at java.base/java.lang.reflect.Method.invoke(Method.java:580)
	at org.springframework.aop.aspectj.AbstractAspectJAdvice.invokeAdviceMethodWithGivenArgs(AbstractAspectJAdvice.java:648)
	at org.springframework.aop.aspectj.AbstractAspectJAdvice.invokeAdviceMethod(AbstractAspectJAdvice.java:630)
	at org.springframework.aop.aspectj.AspectJAroundAdvice.invoke(AspectJAroundAdvice.java:70)
	at org.springframework.aop.framework.ReflectiveMethodInvocation.proceed(ReflectiveMethodInvocation.java:168)
	at org.springframework.aop.interceptor.ExposeInvocationInterceptor.invoke(ExposeInvocationInterceptor.java:96)
	at org.springframework.aop.framework.ReflectiveMethodInvocation.proceed(ReflectiveMethodInvocation.java:179)
	at org.springframework.aop.framework.CglibAopProxy$DynamicAdvisedInterceptor.intercept(CglibAopProxy.java:719)
	at com.foodies.freshmeal.food.controller.impl.FoodController$$SpringCGLIB$$0.updateFoodStatus(<generated>)
	at java.base/jdk.internal.reflect.DirectMethodHandleAccessor.invoke(DirectMethodHandleAccessor.java:103)
	at java.base/java.lang.reflect.Method.invoke(Method.java:580)
	at org.springframework.web.method.support.InvocableHandlerMethod.doInvoke(InvocableHandlerMethod.java:252)
	at org.springframework.web.method.support.InvocableHandlerMethod.invokeForRequest(InvocableHandlerMethod.java:184)
	at org.springframework.web.servlet.mvc.method.annotation.ServletInvocableHandlerMethod.invokeAndHandle(ServletInvocableHandlerMethod.java:117)
	at org.springframework.web.servlet.mvc.method.annotation.RequestMappingHandlerAdapter.invokeHandlerMethod(RequestMappingHandlerAdapter.java:934)
	at org.springframework.web.servlet.mvc.method.annotation.RequestMappingHandlerAdapter.handleInternal(RequestMappingHandlerAdapter.java:853)
	at org.springframework.web.servlet.mvc.method.AbstractHandlerMethodAdapter.handle(AbstractHandlerMethodAdapter.java:86)
	at org.springframework.web.servlet.DispatcherServlet.doDispatch(DispatcherServlet.java:963)
	at org.springframework.web.servlet.DispatcherServlet.doService(DispatcherServlet.java:866)
	at org.springframework.web.servlet.FrameworkServlet.processRequest(FrameworkServlet.java:1000)
	at org.springframework.web.servlet.FrameworkServlet.service(FrameworkServlet.java:877)
	at jakarta.servlet.http.HttpServlet.service(HttpServlet.java:710)
	at org.apache.catalina.core.ApplicationFilterChain.doFilter(ApplicationFilterChain.java:128)
	at org.apache.tomcat.websocket.server.WsFilter.doFilter(WsFilter.java:53)
	at org.apache.catalina.core.ApplicationFilterChain.doFilter(ApplicationFilterChain.java:107)
	at org.springframework.web.filter.CompositeFilter$VirtualFilterChain.doFilter(CompositeFilter.java:108)
	at org.springframework.security.web.FilterChainProxy.lambda$doFilterInternal$3(FilterChainProxy.java:235)
	at org.springframework.security.web.FilterChainProxy$VirtualFilterChain.doFilter(FilterChainProxy.java:376)
	at org.springframework.security.web.access.intercept.AuthorizationFilter.doFilter(AuthorizationFilter.java:101)
	at org.springframework.security.web.FilterChainProxy$VirtualFilterChain.doFilter(FilterChainProxy.java:385)
	at org.springframework.security.web.access.ExceptionTranslationFilter.doFilter(ExceptionTranslationFilter.java:126)
	at org.springframework.security.web.access.ExceptionTranslationFilter.doFilter(ExceptionTranslationFilter.java:120)
	at org.springframework.security.web.FilterChainProxy$VirtualFilterChain.doFilter(FilterChainProxy.java:385)
	at org.springframework.security.web.authentication.AnonymousAuthenticationFilter.doFilter(AnonymousAuthenticationFilter.java:100)
	at org.springframework.security.web.FilterChainProxy$VirtualFilterChain.doFilter(FilterChainProxy.java:385)
	at org.springframework.security.web.servletapi.SecurityContextHolderAwareRequestFilter.doFilter(SecurityContextHolderAwareRequestFilter.java:181)
	at org.springframework.security.web.FilterChainProxy$VirtualFilterChain.doFilter(FilterChainProxy.java:385)
	at org.springframework.security.web.savedrequest.RequestCacheAwareFilter.doFilter(RequestCacheAwareFilter.java:63)
	at org.springframework.security.web.FilterChainProxy$VirtualFilterChain.doFilter(FilterChainProxy.java:385)
	at org.springframework.security.web.authentication.www.BasicAuthenticationFilter.doFilterInternal(BasicAuthenticationFilter.java:198)
	at org.springframework.web.filter.OncePerRequestFilter.doFilter(OncePerRequestFilter.java:116)
	at org.springframework.security.web.FilterChainProxy$VirtualFilterChain.doFilter(FilterChainProxy.java:385)
	at org.springframework.security.web.authentication.logout.LogoutFilter.doFilter(LogoutFilter.java:110)
	at org.springframework.security.web.authentication.logout.LogoutFilter.doFilter(LogoutFilter.java:96)
	at org.springframework.security.web.FilterChainProxy$VirtualFilterChain.doFilter(FilterChainProxy.java:385)
	at org.springframework.security.web.header.HeaderWriterFilter.doHeadersAfter(HeaderWriterFilter.java:90)
	at org.springframework.security.web.header.HeaderWriterFilter.doFilterInternal(HeaderWriterFilter.java:75)
	at org.springframework.web.filter.OncePerRequestFilter.doFilter(OncePerRequestFilter.java:116)
	at org.springframework.security.web.FilterChainProxy$VirtualFilterChain.doFilter(FilterChainProxy.java:385)
	at org.springframework.security.web.context.SecurityContextHolderFilter.doFilter(SecurityContextHolderFilter.java:82)
	at org.springframework.security.web.context.SecurityContextHolderFilter.doFilter(SecurityContextHolderFilter.java:69)
	at org.springframework.security.web.FilterChainProxy$VirtualFilterChain.doFilter(FilterChainProxy.java:385)
	at org.springframework.security.web.context.request.async.WebAsyncManagerIntegrationFilter.doFilterInternal(WebAsyncManagerIntegrationFilter.java:62)
	at org.springframework.web.filter.OncePerRequestFilter.doFilter(OncePerRequestFilter.java:116)
	at org.springframework.security.web.FilterChainProxy$VirtualFilterChain.doFilter(FilterChainProxy.java:385)
	at org.springframework.security.web.session.DisableEncodeUrlFilter.doFilterInternal(DisableEncodeUrlFilter.java:42)
	at org.springframework.web.filter.OncePerRequestFilter.doFilter(OncePerRequestFilter.java:116)
	at org.springframework.security.web.FilterChainProxy$VirtualFilterChain.doFilter(FilterChainProxy.java:385)
	at org.springframework.security.web.FilterChainProxy.doFilterInternal(FilterChainProxy.java:237)
	at org.springframework.security.web.FilterChainProxy.doFilter(FilterChainProxy.java:195)
	at org.springframework.web.filter.CompositeFilter$VirtualFilterChain.doFilter(CompositeFilter.java:113)
	at org.springframework.web.filter.ServletRequestPathFilter.doFilter(ServletRequestPathFilter.java:52)
	at org.springframework.web.filter.CompositeFilter$VirtualFilterChain.doFilter(CompositeFilter.java:113)
	at org.springframework.web.filter.CompositeFilter.doFilter(CompositeFilter.java:74)
	at org.springframework.security.config.annotation.web.configuration.WebSecurityConfiguration$CompositeFilterChainProxy.doFilter(WebSecurityConfiguration.java:317)
	at org.springframework.web.filter.DelegatingFilterProxy.invokeDelegate(DelegatingFilterProxy.java:355)
	at org.springframework.web.filter.DelegatingFilterProxy.doFilter(DelegatingFilterProxy.java:272)
	at org.apache.catalina.core.ApplicationFilterChain.doFilter(ApplicationFilterChain.java:107)
	at org.springframework.web.filter.RequestContextFilter.doFilterInternal(RequestContextFilter.java:100)
	at org.springframework.web.filter.OncePerRequestFilter.doFilter(OncePerRequestFilter.java:116)
	at org.apache.catalina.core.ApplicationFilterChain.doFilter(ApplicationFilterChain.java:107)
	at org.springframework.web.filter.FormContentFilter.doFilterInternal(FormContentFilter.java:93)
	at org.springframework.web.filter.OncePerRequestFilter.doFilter(OncePerRequestFilter.java:116)
	at org.apache.catalina.core.ApplicationFilterChain.doFilter(ApplicationFilterChain.java:107)
	at org.springframework.web.filter.CharacterEncodingFilter.doFilterInternal(CharacterEncodingFilter.java:199)
	at org.springframework.web.filter.OncePerRequestFilter.doFilter(OncePerRequestFilter.java:116)
	at org.apache.catalina.core.ApplicationFilterChain.doFilter(ApplicationFilterChain.java:107)
	at org.apache.catalina.core.StandardWrapperValve.invoke(StandardWrapperValve.java:165)
	at org.apache.catalina.core.StandardContextValve.invoke(StandardContextValve.java:77)
	at org.apache.catalina.authenticator.AuthenticatorBase.invoke(AuthenticatorBase.java:492)
	at org.apache.catalina.core.StandardHostValve.invoke(StandardHostValve.java:113)
	at org.apache.catalina.valves.ErrorReportValve.invoke(ErrorReportValve.java:83)
	at org.apache.catalina.core.StandardEngineValve.invoke(StandardEngineValve.java:72)
	at org.apache.catalina.connector.CoyoteAdapter.service(CoyoteAdapter.java:341)
	at org.apache.coyote.http11.Http11Processor.service(Http11Processor.java:397)
	at org.apache.coyote.AbstractProcessorLight.process(AbstractProcessorLight.java:63)
	at org.apache.coyote.AbstractProtocol$ConnectionHandler.process(AbstractProtocol.java:903)
	at org.apache.tomcat.util.net.NioEndpoint$SocketProcessor.doRun(NioEndpoint.java:1801)
	at org.apache.tomcat.util.net.SocketProcessorBase.run(SocketProcessorBase.java:52)
	at org.apache.tomcat.util.threads.ThreadPoolExecutor.runWorker(ThreadPoolExecutor.java:946)
	at org.apache.tomcat.util.threads.ThreadPoolExecutor$Worker.run(ThreadPoolExecutor.java:480)
	at org.apache.tomcat.util.threads.TaskThread$WrappingRunnable.run(TaskThread.java:57)
	at java.base/java.lang.Thread.run(Thread.java:1583)
2026-08-03 04:01:35 [http-nio-8030-exec-3] INFO  c.f.f.common.audit.util.AuditAspect - 
================= REQUEST =================
Timestamp   : 2026-08-03 04:01:35
RequestId   : 5ad968bb-0f88-4f57-a846-1600a07ae844
HTTP Method : PATCH
URL         : /api/foods/FOOD01_00033/status
Payload     :
{
  "String" : "Serialization Failed",
  "UpdateFoodStatusRequest" : {
    "status" : {
      "label" : "Coming Soon",
      "value" : "COMING_SOON"
    }
  }
}
===========================================

2026-08-03 04:01:35 [http-nio-8030-exec-3] DEBUG o.s.data.mongodb.core.MongoTemplate - findOne using query: { "id" : "FOOD01_00033"} fields: Document{{}} for class: class com.foodies.freshmeal.food.entity.FoodEntity in collection: fm_food
2026-08-03 04:01:35 [http-nio-8030-exec-3] INFO  c.f.f.c.config.MongoLoggingListener - 
====================================================
MONGO COMMAND STARTED
COMMAND : find
QUERY   : {"find": "fm_food", "filter": {"_id": "FOOD01_00033"}, "limit": 1, "singleBatch": true, "$db": "test", "lsid": {"id": {"$binary": {"base64": "UiiE2ZBUTmuk+P0Id6h5qg==", "subType": "04"}}}}
====================================================
2026-08-03 04:01:35 [http-nio-8030-exec-3] INFO  c.f.f.c.config.MongoLoggingListener - 
====================================================
MONGO COMMAND SUCCESS
COMMAND  : find
DURATION : 0 ms
====================================================
2026-08-03 04:01:35 [http-nio-8030-exec-3] DEBUG o.s.data.mongodb.core.MongoTemplate - Saving Document containing fields: [_id, imageName, foodName, description, price, foodCategories, imageUrl, dietCategory, cuisineType, categoryGroups, status, statusUpdatedAt, statusUpdatedBy, food_availability, createdAt, createdBy, updatedAt, updatedBy, deletedFlag, recordStatus, _class]
2026-08-03 04:01:35 [http-nio-8030-exec-3] INFO  c.f.f.c.config.MongoLoggingListener - 
====================================================
MONGO COMMAND STARTED
COMMAND : update
QUERY   : {"update": "fm_food", "ordered": true, "$db": "test", "lsid": {"id": {"$binary": {"base64": "UiiE2ZBUTmuk+P0Id6h5qg==", "subType": "04"}}}, "updates": [{"q": {"_id": "FOOD01_00033"}, "u": {"_id": "FOOD01_00033", "imageName": "IMG07_0000042.jpg", "foodName": "Gulab Jamun", "description": "Gulab jamun is a popular South Asian sweet consisting of deep-fried dough balls made from milk solids, soaked in a fragrant rose-scented sugar syrup. The name translates to \"rose water\" (gulab) and a dark purple plum (jamun)", "price": 20.9, "foodCategories": ["SIDE_DISH", "DESSERT"], "imageUrl": "https://fresh-meal.s3.ap-south-1.amazonaws.com/IMG07_0000042.jpg", "dietCategory": "VEG", "cuisineType": "INDIAN", "categoryGroups": ["DESSERT", "COURSE_TYPE"], "status": "COMING_SOON", "statusUpdatedAt": {"$date": "2026-08-02T22:31:35.17Z"}, "statusUpdatedBy": "ADMIN", "food_availability": false, "createdAt": {"$date": "2026-07-20T16:14:09.203Z"}, "createdBy": "Admin", "updatedAt": {"$date": "2026-08-02T22:31:35.17Z"}, "updatedBy": "ADMIN", "deletedFlag": false, "recordStatus": "ACTIVE", "_class": "com.foodies.freshmeal.food.entity.FoodEntity"}, "upsert": true}]}
====================================================
2026-08-03 04:01:35 [http-nio-8030-exec-3] INFO  c.f.f.c.config.MongoLoggingListener - 
====================================================
MONGO COMMAND SUCCESS
COMMAND  : update
DURATION : 4 ms
====================================================
2026-08-03 04:01:35 [http-nio-8030-exec-3] INFO  c.f.f.common.audit.util.AuditAspect - 
================= RESPONSE =================
RequestId    : 5ad968bb-0f88-4f57-a846-1600a07ae844
Status       : 200
Duration(ms) : 104
Payload      :
{
  "success" : true,
  "httpStatusCode" : 200,
  "httpStatusMessage" : "OK",
  "message" : "Food status updated successfully.",
  "errors" : null,
  "data" : {
    "id" : "FOOD01_00033",
    "imageName" : "IMG07_0000042.jpg",
    "foodName" : "Gulab Jamun",
    "description" : "Gulab jamun is a popular South Asian sweet consisting of deep-fried dough balls made from milk solids, soaked in a fragrant rose-scented sugar syrup. The name translates to \"rose water\" (gulab) and a dark purple plum (jamun)",
    "price" : 20.9,
    "imageUrl" : "https://fresh-meal.s3.ap-south-1.amazonaws.com/IMG07_0000042.jpg",
    "foodCategories" : [ {
      "label" : "Side Dish",
      "value" : "SIDE_DISH"
    }, {
      "label" : "Dessert",
      "value" : "DESSERT"
    } ],
    "dietCategory" : {
      "label" : "Veg",
      "value" : "VEG"
    },
    "cuisineType" : {
      "label" : "Indian",
      "value" : "INDIAN"
    },
    "categoryGroups" : [ {
      "label" : "Dessert",
      "value" : "DESSERT"
    }, {
      "label" : "Course Type",
      "value" : "COURSE_TYPE"
    } ],
    "foodStatus" : {
      "label" : "Coming Soon",
      "value" : "COMING_SOON"
    },
    "allowedStatuses" : [ {
      "label" : "Available",
      "value" : "AVAILABLE"
    } ],
    "previousStatus" : "Discontinued",
    "updatedAt" : "2026-08-03T04:01:35.170409900",
    "updatedBy" : "ADMIN",
    "createdBy" : null,
    "createdAt" : null,
    "available" : false
  }
}
===========================================

2026-08-03 04:01:35 [http-nio-8030-exec-3] INFO  c.f.f.common.audit.util.AuditAspect - AUDIT SUCCESS | RequestId=5ad968bb-0f88-4f57-a846-1600a07ae844 | Duration=104 ms
2026-08-03 04:01:35 [task-28] DEBUG o.s.data.mongodb.core.MongoTemplate - Inserting Document containing fields: [api, requestUrl, requestBody, responseBody, responseStatus, responseMessage, executionTimeMs, requestId, ipAddress, createdAt, module, method, action, requestMethod, _class] in collection: fm_api_audit_logs
2026-08-03 04:01:35 [task-28] INFO  c.f.f.c.config.MongoLoggingListener - 
====================================================
MONGO COMMAND STARTED
COMMAND : insert
QUERY   : {"insert": "fm_api_audit_logs", "ordered": true, "$db": "test", "lsid": {"id": {"$binary": {"base64": "UiiE2ZBUTmuk+P0Id6h5qg==", "subType": "04"}}}, "documents": [{"_id": {"$oid": "6a6fc5473dce9fb5e778e977"}, "api": "/api/foods/FOOD01_00033/status", "requestUrl": "http://localhost:8030/api/foods/FOOD01_00033/status", "requestBody": {"String": "Serialization Failed", "UpdateFoodStatusRequest": {"status": {"label": "Coming Soon", "value": "COMING_SOON"}}}, "responseBody": {"success": true, "httpStatusCode": 200, "httpStatusMessage": "OK", "message": "Food status updated successfully.", "errors": null, "data": {"id": "FOOD01_00033", "imageName": "IMG07_0000042.jpg", "foodName": "Gulab Jamun", "description": "Gulab jamun is a popular South Asian sweet consisting of deep-fried dough balls made from milk solids, soaked in a fragrant rose-scented sugar syrup. The name translates to \"rose water\" (gulab) and a dark purple plum (jamun)", "price": 20.9, "imageUrl": "https://fresh-meal.s3.ap-south-1.amazonaws.com/IMG07_0000042.jpg", "foodCategories": [{"label": "Side Dish", "value": "SIDE_DISH"}, {"label": "Dessert", "value": "DESSERT"}], "dietCategory": {"label": "Veg", "value": "VEG"}, "cuisineType": {"label": "Indian", "value": "INDIAN"}, "categoryGroups": [{"label": "Dessert", "value": "DESSERT"}, {"label": "Course Type", "value": "COURSE_TYPE"}], "foodStatus": {"label": "Coming Soon", "value": "COMING_SOON"}, "allowedStatuses": [{"label": "Available", "value": "AVAILABLE"}], "previousStatus": "Discontinued", "updatedAt": "2026-08-03T04:01:35.170409900", "updatedBy": "ADMIN", "createdBy": null, "createdAt": null, "available": false}}, "responseStatus": 200, "responseMessage": "OK", "executionTimeMs": 104, "requestId": "5ad968bb-0f88-4f57-a846-1600a07ae844", "ipAddress": "0:0:0:0:0:0:0:1", "createdAt": {"$date": "2026-08-02T22:31:35.087Z"}, "module": "FOOD", "method": "API", "action": "UPDATE", "requestMethod": "PATCH", "_class": "com.foodies.freshmeal.common.audit.entity.impl.AuditLog"}]}
====================================================
2026-08-03 04:01:35 [task-28] INFO  c.f.f.c.config.MongoLoggingListener - 
====================================================
MONGO COMMAND SUCCESS
COMMAND  : insert
DURATION : 4 ms
====================================================
2026-08-03 04:01:35 [http-nio-8030-exec-5] INFO  c.f.f.common.audit.util.AuditAspect - AUDIT STARTED | RequestId=f0b8efc4-9d6d-4d69-8e60-bdcab65406d2 | API=/api/foods/view | HTTP Method=POST
2026-08-03 04:01:35 [http-nio-8030-exec-5] INFO  c.f.f.common.audit.util.AuditAspect - 
================= REQUEST =================
Timestamp   : 2026-08-03 04:01:35
RequestId   : f0b8efc4-9d6d-4d69-8e60-bdcab65406d2
HTTP Method : POST
URL         : /api/foods/view
Payload     :
{
  "FoodStatusRequest" : {
    "foodId" : "FOOD01_00033",
    "updateFoodStatusRequest" : null
  }
}
===========================================

2026-08-03 04:01:35 [http-nio-8030-exec-5] INFO  c.f.f.i.s.impl.ImageServiceImpl - Fetching food details for Food Id : FOOD01_00033
2026-08-03 04:01:35 [http-nio-8030-exec-5] DEBUG o.s.data.mongodb.core.MongoTemplate - findOne using query: { "id" : "FOOD01_00033"} fields: Document{{}} for class: class com.foodies.freshmeal.food.entity.FoodEntity in collection: fm_food
2026-08-03 04:01:35 [http-nio-8030-exec-5] INFO  c.f.f.c.config.MongoLoggingListener - 
====================================================
MONGO COMMAND STARTED
COMMAND : find
QUERY   : {"find": "fm_food", "filter": {"_id": "FOOD01_00033"}, "limit": 1, "singleBatch": true, "$db": "test", "lsid": {"id": {"$binary": {"base64": "UiiE2ZBUTmuk+P0Id6h5qg==", "subType": "04"}}}}
====================================================
2026-08-03 04:01:35 [http-nio-8030-exec-5] INFO  c.f.f.c.config.MongoLoggingListener - 
====================================================
MONGO COMMAND SUCCESS
COMMAND  : find
DURATION : 0 ms
====================================================
2026-08-03 04:01:35 [http-nio-8030-exec-5] INFO  c.f.f.f.s.i.FoodNavigationServiceImpl - Building navigation for Food Id : FOOD01_00033
2026-08-03 04:01:35 [http-nio-8030-exec-5] DEBUG o.s.data.mongodb.core.MongoTemplate - find using query: { "_id" : { "$lt" : "FOOD01_00033"}} fields: Document{{}} sort: null for class: class com.foodies.freshmeal.food.entity.FoodEntity in collection: fm_food
2026-08-03 04:01:35 [http-nio-8030-exec-5] INFO  c.f.f.c.config.MongoLoggingListener - 
====================================================
MONGO COMMAND STARTED
COMMAND : find
QUERY   : {"find": "fm_food", "filter": {"_id": {"$lt": "FOOD01_00033"}}, "sort": {"_id": -1}, "limit": 1, "$db": "test", "lsid": {"id": {"$binary": {"base64": "UiiE2ZBUTmuk+P0Id6h5qg==", "subType": "04"}}}}
====================================================
2026-08-03 04:01:35 [http-nio-8030-exec-5] INFO  c.f.f.c.config.MongoLoggingListener - 
====================================================
MONGO COMMAND SUCCESS
COMMAND  : find
DURATION : 1 ms
====================================================
2026-08-03 04:01:35 [http-nio-8030-exec-5] DEBUG o.s.data.mongodb.core.MongoTemplate - find using query: { "_id" : { "$gt" : "FOOD01_00033"}} fields: Document{{}} sort: null for class: class com.foodies.freshmeal.food.entity.FoodEntity in collection: fm_food
2026-08-03 04:01:35 [http-nio-8030-exec-5] INFO  c.f.f.c.config.MongoLoggingListener - 
====================================================
MONGO COMMAND STARTED
COMMAND : find
QUERY   : {"find": "fm_food", "filter": {"_id": {"$gt": "FOOD01_00033"}}, "sort": {"_id": 1}, "limit": 1, "$db": "test", "lsid": {"id": {"$binary": {"base64": "UiiE2ZBUTmuk+P0Id6h5qg==", "subType": "04"}}}}
====================================================
2026-08-03 04:01:35 [http-nio-8030-exec-5] INFO  c.f.f.c.config.MongoLoggingListener - 
====================================================
MONGO COMMAND SUCCESS
COMMAND  : find
DURATION : 1 ms
====================================================
2026-08-03 04:01:35 [http-nio-8030-exec-5] INFO  c.f.f.f.s.i.FoodNavigationServiceImpl - Navigation generated successfully for Food Id : FOOD01_00033
2026-08-03 04:01:35 [http-nio-8030-exec-5] INFO  c.f.f.i.s.impl.ImageServiceImpl - Food details retrieved successfully for Food Id : FOOD01_00033
2026-08-03 04:01:35 [http-nio-8030-exec-5] INFO  c.f.f.common.audit.util.AuditAspect - 
================= RESPONSE =================
RequestId    : f0b8efc4-9d6d-4d69-8e60-bdcab65406d2
Status       : 200
Duration(ms) : 46
Payload      :
{
  "success" : true,
  "httpStatusCode" : 200,
  "httpStatusMessage" : "OK",
  "message" : "Food retrived successfully",
  "errors" : null,
  "data" : {
    "data" : {
      "id" : "FOOD01_00033",
      "imageName" : "IMG07_0000042.jpg",
      "foodName" : "Gulab Jamun",
      "description" : "Gulab jamun is a popular South Asian sweet consisting of deep-fried dough balls made from milk solids, soaked in a fragrant rose-scented sugar syrup. The name translates to \"rose water\" (gulab) and a dark purple plum (jamun)",
      "price" : 20.9,
      "imageUrl" : "https://fresh-meal.s3.ap-south-1.amazonaws.com/IMG07_0000042.jpg",
      "foodCategories" : [ {
        "label" : "Side Dish",
        "value" : "SIDE_DISH"
      }, {
        "label" : "Dessert",
        "value" : "DESSERT"
      } ],
      "dietCategory" : {
        "label" : "Veg",
        "value" : "VEG"
      },
      "cuisineType" : {
        "label" : "Indian",
        "value" : "INDIAN"
      },
      "categoryGroups" : [ {
        "label" : "Dessert",
        "value" : "DESSERT"
      }, {
        "label" : "Course Type",
        "value" : "COURSE_TYPE"
      } ],
      "foodStatus" : {
        "label" : "Coming Soon",
        "value" : "COMING_SOON"
      },
      "allowedStatuses" : [ {
        "label" : "Available",
        "value" : "AVAILABLE"
      } ],
      "previousStatus" : "Coming Soon",
      "updatedAt" : "2026-08-03T04:01:35.170",
      "updatedBy" : "ADMIN",
      "createdBy" : "Admin",
      "createdAt" : "2026-07-20T21:44:09.203",
      "available" : false
    },
    "navigation" : {
      "previous" : {
        "id" : "FOOD01_00032",
        "displayName" : "Sawarma Roll",
        "available" : true,
        "metadata" : null
      },
      "next" : {
        "id" : "FOOD01_00034",
        "displayName" : "Ice cream",
        "available" : true,
        "metadata" : null
      }
    }
  }
}
===========================================

2026-08-03 04:01:35 [http-nio-8030-exec-5] INFO  c.f.f.common.audit.util.AuditAspect - AUDIT SUCCESS | RequestId=f0b8efc4-9d6d-4d69-8e60-bdcab65406d2 | Duration=46 ms
2026-08-03 04:01:35 [task-29] DEBUG o.s.data.mongodb.core.MongoTemplate - Inserting Document containing fields: [api, requestUrl, requestBody, responseBody, responseStatus, responseMessage, executionTimeMs, requestId, ipAddress, createdAt, module, method, action, requestMethod, _class] in collection: fm_api_audit_logs
2026-08-03 04:01:35 [task-29] INFO  c.f.f.c.config.MongoLoggingListener - 
====================================================
MONGO COMMAND STARTED
COMMAND : insert
QUERY   : {"insert": "fm_api_audit_logs", "ordered": true, "$db": "test", "lsid": {"id": {"$binary": {"base64": "UiiE2ZBUTmuk+P0Id6h5qg==", "subType": "04"}}}, "documents": [{"_id": {"$oid": "6a6fc5473dce9fb5e778e978"}, "api": "/api/foods/view", "requestUrl": "http://localhost:8030/api/foods/view", "requestBody": {"FoodStatusRequest": {"foodId": "FOOD01_00033", "updateFoodStatusRequest": null}}, "responseBody": {"success": true, "httpStatusCode": 200, "httpStatusMessage": "OK", "message": "Food retrived successfully", "errors": null, "data": {"data": {"id": "FOOD01_00033", "imageName": "IMG07_0000042.jpg", "foodName": "Gulab Jamun", "description": "Gulab jamun is a popular South Asian sweet consisting of deep-fried dough balls made from milk solids, soaked in a fragrant rose-scented sugar syrup. The name translates to \"rose water\" (gulab) and a dark purple plum (jamun)", "price": 20.9, "imageUrl": "https://fresh-meal.s3.ap-south-1.amazonaws.com/IMG07_0000042.jpg", "foodCategories": [{"label": "Side Dish", "value": "SIDE_DISH"}, {"label": "Dessert", "value": "DESSERT"}], "dietCategory": {"label": "Veg", "value": "VEG"}, "cuisineType": {"label": "Indian", "value": "INDIAN"}, "categoryGroups": [{"label": "Dessert", "value": "DESSERT"}, {"label": "Course Type", "value": "COURSE_TYPE"}], "foodStatus": {"label": "Coming Soon", "value": "COMING_SOON"}, "allowedStatuses": [{"label": "Available", "value": "AVAILABLE"}], "previousStatus": "Coming Soon", "updatedAt": "2026-08-03T04:01:35.170", "updatedBy": "ADMIN", "createdBy": "Admin", "createdAt": "2026-07-20T21:44:09.203", "available": false}, "navigation": {"previous": {"id": "FOOD01_00032", "displayName": "Sawarma Roll", "available": true, "metadata": null}, "next": {"id": "FOOD01_00034", "displayName": "Ice cream", "available": true, "metadata": null}}}}, "responseStatus": 200, "responseMessage": "OK", "executionTimeMs": 46, "requestId": "f0b8efc4-9d6d-4d69-8e60-bdcab65406d2", "ipAddress": "0:0:0:0:0:0:0:1", "createdAt": {"$date": "2026-08-02T22:31:35.221Z"}, "module": "FOOD", "method": "API", "action": "GET", "requestMethod": "POST", "_class": "com.foodies.freshmeal.common.audit.entity.impl.AuditLog"}]}
====================================================
2026-08-03 04:01:35 [task-29] INFO  c.f.f.c.config.MongoLoggingListener - 
====================================================
MONGO COMMAND SUCCESS
COMMAND  : insert
DURATION : 1 ms
====================================================
2026-08-03 04:01:42 [http-nio-8030-exec-6] INFO  c.f.f.common.audit.util.AuditAspect - AUDIT STARTED | RequestId=ce3f2bee-62ed-4eed-a485-2b999c28c108 | API=/api/foods/FOOD01_00033/status | HTTP Method=PATCH
2026-08-03 04:01:42 [http-nio-8030-exec-6] ERROR c.f.f.common.audit.util.AuditAspect - Failed to serialize request object.
java.lang.reflect.InaccessibleObjectException: Unable to make field private final byte[] java.lang.String.value accessible: module java.base does not "opens java.lang" to unnamed module @5d3da839
	at java.base/java.lang.reflect.AccessibleObject.throwInaccessibleObjectException(AccessibleObject.java:391)
	at java.base/java.lang.reflect.AccessibleObject.checkCanSetAccessible(AccessibleObject.java:367)
	at java.base/java.lang.reflect.AccessibleObject.checkCanSetAccessible(AccessibleObject.java:315)
	at java.base/java.lang.reflect.Field.checkCanSetAccessible(Field.java:183)
	at java.base/java.lang.reflect.Field.setAccessible(Field.java:177)
	at com.foodies.freshmeal.common.audit.util.AuditMaskingUtil.maskObject(AuditMaskingUtil.java:44)
	at com.foodies.freshmeal.common.audit.util.AuditAspect.buildRequestDocument(AuditAspect.java:398)
	at com.foodies.freshmeal.common.audit.util.AuditAspect.audit(AuditAspect.java:159)
	at java.base/jdk.internal.reflect.DirectMethodHandleAccessor.invoke(DirectMethodHandleAccessor.java:103)
	at java.base/java.lang.reflect.Method.invoke(Method.java:580)
	at org.springframework.aop.aspectj.AbstractAspectJAdvice.invokeAdviceMethodWithGivenArgs(AbstractAspectJAdvice.java:648)
	at org.springframework.aop.aspectj.AbstractAspectJAdvice.invokeAdviceMethod(AbstractAspectJAdvice.java:630)
	at org.springframework.aop.aspectj.AspectJAroundAdvice.invoke(AspectJAroundAdvice.java:70)
	at org.springframework.aop.framework.ReflectiveMethodInvocation.proceed(ReflectiveMethodInvocation.java:168)
	at org.springframework.aop.interceptor.ExposeInvocationInterceptor.invoke(ExposeInvocationInterceptor.java:96)
	at org.springframework.aop.framework.ReflectiveMethodInvocation.proceed(ReflectiveMethodInvocation.java:179)
	at org.springframework.aop.framework.CglibAopProxy$DynamicAdvisedInterceptor.intercept(CglibAopProxy.java:719)
	at com.foodies.freshmeal.food.controller.impl.FoodController$$SpringCGLIB$$0.updateFoodStatus(<generated>)
	at java.base/jdk.internal.reflect.DirectMethodHandleAccessor.invoke(DirectMethodHandleAccessor.java:103)
	at java.base/java.lang.reflect.Method.invoke(Method.java:580)
	at org.springframework.web.method.support.InvocableHandlerMethod.doInvoke(InvocableHandlerMethod.java:252)
	at org.springframework.web.method.support.InvocableHandlerMethod.invokeForRequest(InvocableHandlerMethod.java:184)
	at org.springframework.web.servlet.mvc.method.annotation.ServletInvocableHandlerMethod.invokeAndHandle(ServletInvocableHandlerMethod.java:117)
	at org.springframework.web.servlet.mvc.method.annotation.RequestMappingHandlerAdapter.invokeHandlerMethod(RequestMappingHandlerAdapter.java:934)
	at org.springframework.web.servlet.mvc.method.annotation.RequestMappingHandlerAdapter.handleInternal(RequestMappingHandlerAdapter.java:853)
	at org.springframework.web.servlet.mvc.method.AbstractHandlerMethodAdapter.handle(AbstractHandlerMethodAdapter.java:86)
	at org.springframework.web.servlet.DispatcherServlet.doDispatch(DispatcherServlet.java:963)
	at org.springframework.web.servlet.DispatcherServlet.doService(DispatcherServlet.java:866)
	at org.springframework.web.servlet.FrameworkServlet.processRequest(FrameworkServlet.java:1000)
	at org.springframework.web.servlet.FrameworkServlet.service(FrameworkServlet.java:877)
	at jakarta.servlet.http.HttpServlet.service(HttpServlet.java:710)
	at org.apache.catalina.core.ApplicationFilterChain.doFilter(ApplicationFilterChain.java:128)
	at org.apache.tomcat.websocket.server.WsFilter.doFilter(WsFilter.java:53)
	at org.apache.catalina.core.ApplicationFilterChain.doFilter(ApplicationFilterChain.java:107)
	at org.springframework.web.filter.CompositeFilter$VirtualFilterChain.doFilter(CompositeFilter.java:108)
	at org.springframework.security.web.FilterChainProxy.lambda$doFilterInternal$3(FilterChainProxy.java:235)
	at org.springframework.security.web.FilterChainProxy$VirtualFilterChain.doFilter(FilterChainProxy.java:376)
	at org.springframework.security.web.access.intercept.AuthorizationFilter.doFilter(AuthorizationFilter.java:101)
	at org.springframework.security.web.FilterChainProxy$VirtualFilterChain.doFilter(FilterChainProxy.java:385)
	at org.springframework.security.web.access.ExceptionTranslationFilter.doFilter(ExceptionTranslationFilter.java:126)
	at org.springframework.security.web.access.ExceptionTranslationFilter.doFilter(ExceptionTranslationFilter.java:120)
	at org.springframework.security.web.FilterChainProxy$VirtualFilterChain.doFilter(FilterChainProxy.java:385)
	at org.springframework.security.web.authentication.AnonymousAuthenticationFilter.doFilter(AnonymousAuthenticationFilter.java:100)
	at org.springframework.security.web.FilterChainProxy$VirtualFilterChain.doFilter(FilterChainProxy.java:385)
	at org.springframework.security.web.servletapi.SecurityContextHolderAwareRequestFilter.doFilter(SecurityContextHolderAwareRequestFilter.java:181)
	at org.springframework.security.web.FilterChainProxy$VirtualFilterChain.doFilter(FilterChainProxy.java:385)
	at org.springframework.security.web.savedrequest.RequestCacheAwareFilter.doFilter(RequestCacheAwareFilter.java:63)
	at org.springframework.security.web.FilterChainProxy$VirtualFilterChain.doFilter(FilterChainProxy.java:385)
	at org.springframework.security.web.authentication.www.BasicAuthenticationFilter.doFilterInternal(BasicAuthenticationFilter.java:198)
	at org.springframework.web.filter.OncePerRequestFilter.doFilter(OncePerRequestFilter.java:116)
	at org.springframework.security.web.FilterChainProxy$VirtualFilterChain.doFilter(FilterChainProxy.java:385)
	at org.springframework.security.web.authentication.logout.LogoutFilter.doFilter(LogoutFilter.java:110)
	at org.springframework.security.web.authentication.logout.LogoutFilter.doFilter(LogoutFilter.java:96)
	at org.springframework.security.web.FilterChainProxy$VirtualFilterChain.doFilter(FilterChainProxy.java:385)
	at org.springframework.security.web.header.HeaderWriterFilter.doHeadersAfter(HeaderWriterFilter.java:90)
	at org.springframework.security.web.header.HeaderWriterFilter.doFilterInternal(HeaderWriterFilter.java:75)
	at org.springframework.web.filter.OncePerRequestFilter.doFilter(OncePerRequestFilter.java:116)
	at org.springframework.security.web.FilterChainProxy$VirtualFilterChain.doFilter(FilterChainProxy.java:385)
	at org.springframework.security.web.context.SecurityContextHolderFilter.doFilter(SecurityContextHolderFilter.java:82)
	at org.springframework.security.web.context.SecurityContextHolderFilter.doFilter(SecurityContextHolderFilter.java:69)
	at org.springframework.security.web.FilterChainProxy$VirtualFilterChain.doFilter(FilterChainProxy.java:385)
	at org.springframework.security.web.context.request.async.WebAsyncManagerIntegrationFilter.doFilterInternal(WebAsyncManagerIntegrationFilter.java:62)
	at org.springframework.web.filter.OncePerRequestFilter.doFilter(OncePerRequestFilter.java:116)
	at org.springframework.security.web.FilterChainProxy$VirtualFilterChain.doFilter(FilterChainProxy.java:385)
	at org.springframework.security.web.session.DisableEncodeUrlFilter.doFilterInternal(DisableEncodeUrlFilter.java:42)
	at org.springframework.web.filter.OncePerRequestFilter.doFilter(OncePerRequestFilter.java:116)
	at org.springframework.security.web.FilterChainProxy$VirtualFilterChain.doFilter(FilterChainProxy.java:385)
	at org.springframework.security.web.FilterChainProxy.doFilterInternal(FilterChainProxy.java:237)
	at org.springframework.security.web.FilterChainProxy.doFilter(FilterChainProxy.java:195)
	at org.springframework.web.filter.CompositeFilter$VirtualFilterChain.doFilter(CompositeFilter.java:113)
	at org.springframework.web.filter.ServletRequestPathFilter.doFilter(ServletRequestPathFilter.java:52)
	at org.springframework.web.filter.CompositeFilter$VirtualFilterChain.doFilter(CompositeFilter.java:113)
	at org.springframework.web.filter.CompositeFilter.doFilter(CompositeFilter.java:74)
	at org.springframework.security.config.annotation.web.configuration.WebSecurityConfiguration$CompositeFilterChainProxy.doFilter(WebSecurityConfiguration.java:317)
	at org.springframework.web.filter.DelegatingFilterProxy.invokeDelegate(DelegatingFilterProxy.java:355)
	at org.springframework.web.filter.DelegatingFilterProxy.doFilter(DelegatingFilterProxy.java:272)
	at org.apache.catalina.core.ApplicationFilterChain.doFilter(ApplicationFilterChain.java:107)
	at org.springframework.web.filter.RequestContextFilter.doFilterInternal(RequestContextFilter.java:100)
	at org.springframework.web.filter.OncePerRequestFilter.doFilter(OncePerRequestFilter.java:116)
	at org.apache.catalina.core.ApplicationFilterChain.doFilter(ApplicationFilterChain.java:107)
	at org.springframework.web.filter.FormContentFilter.doFilterInternal(FormContentFilter.java:93)
	at org.springframework.web.filter.OncePerRequestFilter.doFilter(OncePerRequestFilter.java:116)
	at org.apache.catalina.core.ApplicationFilterChain.doFilter(ApplicationFilterChain.java:107)
	at org.springframework.web.filter.CharacterEncodingFilter.doFilterInternal(CharacterEncodingFilter.java:199)
	at org.springframework.web.filter.OncePerRequestFilter.doFilter(OncePerRequestFilter.java:116)
	at org.apache.catalina.core.ApplicationFilterChain.doFilter(ApplicationFilterChain.java:107)
	at org.apache.catalina.core.StandardWrapperValve.invoke(StandardWrapperValve.java:165)
	at org.apache.catalina.core.StandardContextValve.invoke(StandardContextValve.java:77)
	at org.apache.catalina.authenticator.AuthenticatorBase.invoke(AuthenticatorBase.java:492)
	at org.apache.catalina.core.StandardHostValve.invoke(StandardHostValve.java:113)
	at org.apache.catalina.valves.ErrorReportValve.invoke(ErrorReportValve.java:83)
	at org.apache.catalina.core.StandardEngineValve.invoke(StandardEngineValve.java:72)
	at org.apache.catalina.connector.CoyoteAdapter.service(CoyoteAdapter.java:341)
	at org.apache.coyote.http11.Http11Processor.service(Http11Processor.java:397)
	at org.apache.coyote.AbstractProcessorLight.process(AbstractProcessorLight.java:63)
	at org.apache.coyote.AbstractProtocol$ConnectionHandler.process(AbstractProtocol.java:903)
	at org.apache.tomcat.util.net.NioEndpoint$SocketProcessor.doRun(NioEndpoint.java:1801)
	at org.apache.tomcat.util.net.SocketProcessorBase.run(SocketProcessorBase.java:52)
	at org.apache.tomcat.util.threads.ThreadPoolExecutor.runWorker(ThreadPoolExecutor.java:946)
	at org.apache.tomcat.util.threads.ThreadPoolExecutor$Worker.run(ThreadPoolExecutor.java:480)
	at org.apache.tomcat.util.threads.TaskThread$WrappingRunnable.run(TaskThread.java:57)
	at java.base/java.lang.Thread.run(Thread.java:1583)
2026-08-03 04:01:42 [http-nio-8030-exec-6] INFO  c.f.f.common.audit.util.AuditAspect - 
================= REQUEST =================
Timestamp   : 2026-08-03 04:01:42
RequestId   : ce3f2bee-62ed-4eed-a485-2b999c28c108
HTTP Method : PATCH
URL         : /api/foods/FOOD01_00033/status
Payload     :
{
  "String" : "Serialization Failed",
  "UpdateFoodStatusRequest" : {
    "status" : {
      "label" : "Available",
      "value" : "AVAILABLE"
    }
  }
}
===========================================

2026-08-03 04:01:42 [http-nio-8030-exec-6] DEBUG o.s.data.mongodb.core.MongoTemplate - findOne using query: { "id" : "FOOD01_00033"} fields: Document{{}} for class: class com.foodies.freshmeal.food.entity.FoodEntity in collection: fm_food
2026-08-03 04:01:42 [http-nio-8030-exec-6] INFO  c.f.f.c.config.MongoLoggingListener - 
====================================================
MONGO COMMAND STARTED
COMMAND : find
QUERY   : {"find": "fm_food", "filter": {"_id": "FOOD01_00033"}, "limit": 1, "singleBatch": true, "$db": "test", "lsid": {"id": {"$binary": {"base64": "UiiE2ZBUTmuk+P0Id6h5qg==", "subType": "04"}}}}
====================================================
2026-08-03 04:01:42 [http-nio-8030-exec-6] INFO  c.f.f.c.config.MongoLoggingListener - 
====================================================
MONGO COMMAND SUCCESS
COMMAND  : find
DURATION : 2 ms
====================================================
2026-08-03 04:01:42 [http-nio-8030-exec-6] DEBUG o.s.data.mongodb.core.MongoTemplate - Saving Document containing fields: [_id, imageName, foodName, description, price, foodCategories, imageUrl, dietCategory, cuisineType, categoryGroups, status, statusUpdatedAt, statusUpdatedBy, food_availability, createdAt, createdBy, updatedAt, updatedBy, deletedFlag, recordStatus, _class]
2026-08-03 04:01:42 [http-nio-8030-exec-6] INFO  c.f.f.c.config.MongoLoggingListener - 
====================================================
MONGO COMMAND STARTED
COMMAND : update
QUERY   : {"update": "fm_food", "ordered": true, "$db": "test", "lsid": {"id": {"$binary": {"base64": "UiiE2ZBUTmuk+P0Id6h5qg==", "subType": "04"}}}, "updates": [{"q": {"_id": "FOOD01_00033"}, "u": {"_id": "FOOD01_00033", "imageName": "IMG07_0000042.jpg", "foodName": "Gulab Jamun", "description": "Gulab jamun is a popular South Asian sweet consisting of deep-fried dough balls made from milk solids, soaked in a fragrant rose-scented sugar syrup. The name translates to \"rose water\" (gulab) and a dark purple plum (jamun)", "price": 20.9, "foodCategories": ["SIDE_DISH", "DESSERT"], "imageUrl": "https://fresh-meal.s3.ap-south-1.amazonaws.com/IMG07_0000042.jpg", "dietCategory": "VEG", "cuisineType": "INDIAN", "categoryGroups": ["DESSERT", "COURSE_TYPE"], "status": "AVAILABLE", "statusUpdatedAt": {"$date": "2026-08-02T22:31:42.988Z"}, "statusUpdatedBy": "ADMIN", "food_availability": false, "createdAt": {"$date": "2026-07-20T16:14:09.203Z"}, "createdBy": "Admin", "updatedAt": {"$date": "2026-08-02T22:31:42.988Z"}, "updatedBy": "ADMIN", "deletedFlag": false, "recordStatus": "ACTIVE", "_class": "com.foodies.freshmeal.food.entity.FoodEntity"}, "upsert": true}]}
====================================================
2026-08-03 04:01:42 [http-nio-8030-exec-6] INFO  c.f.f.c.config.MongoLoggingListener - 
====================================================
MONGO COMMAND SUCCESS
COMMAND  : update
DURATION : 2 ms
====================================================
2026-08-03 04:01:42 [http-nio-8030-exec-6] INFO  c.f.f.common.audit.util.AuditAspect - 
================= RESPONSE =================
RequestId    : ce3f2bee-62ed-4eed-a485-2b999c28c108
Status       : 200
Duration(ms) : 18
Payload      :
{
  "success" : true,
  "httpStatusCode" : 200,
  "httpStatusMessage" : "OK",
  "message" : "Food status updated successfully.",
  "errors" : null,
  "data" : {
    "id" : "FOOD01_00033",
    "imageName" : "IMG07_0000042.jpg",
    "foodName" : "Gulab Jamun",
    "description" : "Gulab jamun is a popular South Asian sweet consisting of deep-fried dough balls made from milk solids, soaked in a fragrant rose-scented sugar syrup. The name translates to \"rose water\" (gulab) and a dark purple plum (jamun)",
    "price" : 20.9,
    "imageUrl" : "https://fresh-meal.s3.ap-south-1.amazonaws.com/IMG07_0000042.jpg",
    "foodCategories" : [ {
      "label" : "Side Dish",
      "value" : "SIDE_DISH"
    }, {
      "label" : "Dessert",
      "value" : "DESSERT"
    } ],
    "dietCategory" : {
      "label" : "Veg",
      "value" : "VEG"
    },
    "cuisineType" : {
      "label" : "Indian",
      "value" : "INDIAN"
    },
    "categoryGroups" : [ {
      "label" : "Dessert",
      "value" : "DESSERT"
    }, {
      "label" : "Course Type",
      "value" : "COURSE_TYPE"
    } ],
    "foodStatus" : {
      "label" : "Available",
      "value" : "AVAILABLE"
    },
    "allowedStatuses" : [ {
      "label" : "Out of Stock",
      "value" : "OUT_OF_STOCK"
    }, {
      "label" : "Discontinued",
      "value" : "DISCONTINUED"
    }, {
      "label" : "Disabled",
      "value" : "DISABLED"
    } ],
    "previousStatus" : "Coming Soon",
    "updatedAt" : "2026-08-03T04:01:42.988049200",
    "updatedBy" : "ADMIN",
    "createdBy" : null,
    "createdAt" : null,
    "available" : true
  }
}
===========================================

2026-08-03 04:01:42 [http-nio-8030-exec-6] INFO  c.f.f.common.audit.util.AuditAspect - AUDIT SUCCESS | RequestId=ce3f2bee-62ed-4eed-a485-2b999c28c108 | Duration=18 ms
2026-08-03 04:01:43 [task-30] DEBUG o.s.data.mongodb.core.MongoTemplate - Inserting Document containing fields: [api, requestUrl, requestBody, responseBody, responseStatus, responseMessage, executionTimeMs, requestId, ipAddress, createdAt, module, method, action, requestMethod, _class] in collection: fm_api_audit_logs
2026-08-03 04:01:43 [task-30] INFO  c.f.f.c.config.MongoLoggingListener - 
====================================================
MONGO COMMAND STARTED
COMMAND : insert
QUERY   : {"insert": "fm_api_audit_logs", "ordered": true, "$db": "test", "lsid": {"id": {"$binary": {"base64": "UiiE2ZBUTmuk+P0Id6h5qg==", "subType": "04"}}}, "documents": [{"_id": {"$oid": "6a6fc54f3dce9fb5e778e979"}, "api": "/api/foods/FOOD01_00033/status", "requestUrl": "http://localhost:8030/api/foods/FOOD01_00033/status", "requestBody": {"String": "Serialization Failed", "UpdateFoodStatusRequest": {"status": {"label": "Available", "value": "AVAILABLE"}}}, "responseBody": {"success": true, "httpStatusCode": 200, "httpStatusMessage": "OK", "message": "Food status updated successfully.", "errors": null, "data": {"id": "FOOD01_00033", "imageName": "IMG07_0000042.jpg", "foodName": "Gulab Jamun", "description": "Gulab jamun is a popular South Asian sweet consisting of deep-fried dough balls made from milk solids, soaked in a fragrant rose-scented sugar syrup. The name translates to \"rose water\" (gulab) and a dark purple plum (jamun)", "price": 20.9, "imageUrl": "https://fresh-meal.s3.ap-south-1.amazonaws.com/IMG07_0000042.jpg", "foodCategories": [{"label": "Side Dish", "value": "SIDE_DISH"}, {"label": "Dessert", "value": "DESSERT"}], "dietCategory": {"label": "Veg", "value": "VEG"}, "cuisineType": {"label": "Indian", "value": "INDIAN"}, "categoryGroups": [{"label": "Dessert", "value": "DESSERT"}, {"label": "Course Type", "value": "COURSE_TYPE"}], "foodStatus": {"label": "Available", "value": "AVAILABLE"}, "allowedStatuses": [{"label": "Out of Stock", "value": "OUT_OF_STOCK"}, {"label": "Discontinued", "value": "DISCONTINUED"}, {"label": "Disabled", "value": "DISABLED"}], "previousStatus": "Coming Soon", "updatedAt": "2026-08-03T04:01:42.988049200", "updatedBy": "ADMIN", "createdBy": null, "createdAt": null, "available": true}}, "responseStatus": 200, "responseMessage": "OK", "executionTimeMs": 18, "requestId": "ce3f2bee-62ed-4eed-a485-2b999c28c108", "ipAddress": "0:0:0:0:0:0:0:1", "createdAt": {"$date": "2026-08-02T22:31:42.977Z"}, "module": "FOOD", "method": "API", "action": "UPDATE", "requestMethod": "PATCH", "_class": "com.foodies.freshmeal.common.audit.entity.impl.AuditLog"}]}
====================================================
2026-08-03 04:01:43 [task-30] INFO  c.f.f.c.config.MongoLoggingListener - 
====================================================
MONGO COMMAND SUCCESS
COMMAND  : insert
DURATION : 10 ms
====================================================
2026-08-03 04:01:43 [http-nio-8030-exec-8] INFO  c.f.f.common.audit.util.AuditAspect - AUDIT STARTED | RequestId=7a9b7592-f35a-49b3-8623-3c0f1c7f4832 | API=/api/foods/view | HTTP Method=POST
2026-08-03 04:01:43 [http-nio-8030-exec-8] INFO  c.f.f.common.audit.util.AuditAspect - 
================= REQUEST =================
Timestamp   : 2026-08-03 04:01:43
RequestId   : 7a9b7592-f35a-49b3-8623-3c0f1c7f4832
HTTP Method : POST
URL         : /api/foods/view
Payload     :
{
  "FoodStatusRequest" : {
    "foodId" : "FOOD01_00033",
    "updateFoodStatusRequest" : null
  }
}
===========================================

2026-08-03 04:01:43 [http-nio-8030-exec-8] INFO  c.f.f.i.s.impl.ImageServiceImpl - Fetching food details for Food Id : FOOD01_00033
2026-08-03 04:01:43 [http-nio-8030-exec-8] DEBUG o.s.data.mongodb.core.MongoTemplate - findOne using query: { "id" : "FOOD01_00033"} fields: Document{{}} for class: class com.foodies.freshmeal.food.entity.FoodEntity in collection: fm_food
2026-08-03 04:01:43 [http-nio-8030-exec-8] INFO  c.f.f.c.config.MongoLoggingListener - 
====================================================
MONGO COMMAND STARTED
COMMAND : find
QUERY   : {"find": "fm_food", "filter": {"_id": "FOOD01_00033"}, "limit": 1, "singleBatch": true, "$db": "test", "lsid": {"id": {"$binary": {"base64": "UiiE2ZBUTmuk+P0Id6h5qg==", "subType": "04"}}}}
====================================================
2026-08-03 04:01:43 [http-nio-8030-exec-8] INFO  c.f.f.c.config.MongoLoggingListener - 
====================================================
MONGO COMMAND SUCCESS
COMMAND  : find
DURATION : 1 ms
====================================================
2026-08-03 04:01:43 [http-nio-8030-exec-8] INFO  c.f.f.f.s.i.FoodNavigationServiceImpl - Building navigation for Food Id : FOOD01_00033
2026-08-03 04:01:43 [http-nio-8030-exec-8] DEBUG o.s.data.mongodb.core.MongoTemplate - find using query: { "_id" : { "$lt" : "FOOD01_00033"}} fields: Document{{}} sort: null for class: class com.foodies.freshmeal.food.entity.FoodEntity in collection: fm_food
2026-08-03 04:01:43 [http-nio-8030-exec-8] INFO  c.f.f.c.config.MongoLoggingListener - 
====================================================
MONGO COMMAND STARTED
COMMAND : find
QUERY   : {"find": "fm_food", "filter": {"_id": {"$lt": "FOOD01_00033"}}, "sort": {"_id": -1}, "limit": 1, "$db": "test", "lsid": {"id": {"$binary": {"base64": "UiiE2ZBUTmuk+P0Id6h5qg==", "subType": "04"}}}}
====================================================
2026-08-03 04:01:43 [http-nio-8030-exec-8] INFO  c.f.f.c.config.MongoLoggingListener - 
====================================================
MONGO COMMAND SUCCESS
COMMAND  : find
DURATION : 1 ms
====================================================
2026-08-03 04:01:43 [http-nio-8030-exec-8] DEBUG o.s.data.mongodb.core.MongoTemplate - find using query: { "_id" : { "$gt" : "FOOD01_00033"}} fields: Document{{}} sort: null for class: class com.foodies.freshmeal.food.entity.FoodEntity in collection: fm_food
2026-08-03 04:01:43 [http-nio-8030-exec-8] INFO  c.f.f.c.config.MongoLoggingListener - 
====================================================
MONGO COMMAND STARTED
COMMAND : find
QUERY   : {"find": "fm_food", "filter": {"_id": {"$gt": "FOOD01_00033"}}, "sort": {"_id": 1}, "limit": 1, "$db": "test", "lsid": {"id": {"$binary": {"base64": "UiiE2ZBUTmuk+P0Id6h5qg==", "subType": "04"}}}}
====================================================
2026-08-03 04:01:43 [http-nio-8030-exec-8] INFO  c.f.f.c.config.MongoLoggingListener - 
====================================================
MONGO COMMAND SUCCESS
COMMAND  : find
DURATION : 1 ms
====================================================
2026-08-03 04:01:43 [http-nio-8030-exec-8] INFO  c.f.f.f.s.i.FoodNavigationServiceImpl - Navigation generated successfully for Food Id : FOOD01_00033
2026-08-03 04:01:43 [http-nio-8030-exec-8] INFO  c.f.f.i.s.impl.ImageServiceImpl - Food details retrieved successfully for Food Id : FOOD01_00033
2026-08-03 04:01:43 [http-nio-8030-exec-8] INFO  c.f.f.common.audit.util.AuditAspect - 
================= RESPONSE =================
RequestId    : 7a9b7592-f35a-49b3-8623-3c0f1c7f4832
Status       : 200
Duration(ms) : 22
Payload      :
{
  "success" : true,
  "httpStatusCode" : 200,
  "httpStatusMessage" : "OK",
  "message" : "Food retrived successfully",
  "errors" : null,
  "data" : {
    "data" : {
      "id" : "FOOD01_00033",
      "imageName" : "IMG07_0000042.jpg",
      "foodName" : "Gulab Jamun",
      "description" : "Gulab jamun is a popular South Asian sweet consisting of deep-fried dough balls made from milk solids, soaked in a fragrant rose-scented sugar syrup. The name translates to \"rose water\" (gulab) and a dark purple plum (jamun)",
      "price" : 20.9,
      "imageUrl" : "https://fresh-meal.s3.ap-south-1.amazonaws.com/IMG07_0000042.jpg",
      "foodCategories" : [ {
        "label" : "Side Dish",
        "value" : "SIDE_DISH"
      }, {
        "label" : "Dessert",
        "value" : "DESSERT"
      } ],
      "dietCategory" : {
        "label" : "Veg",
        "value" : "VEG"
      },
      "cuisineType" : {
        "label" : "Indian",
        "value" : "INDIAN"
      },
      "categoryGroups" : [ {
        "label" : "Dessert",
        "value" : "DESSERT"
      }, {
        "label" : "Course Type",
        "value" : "COURSE_TYPE"
      } ],
      "foodStatus" : {
        "label" : "Available",
        "value" : "AVAILABLE"
      },
      "allowedStatuses" : [ {
        "label" : "Out of Stock",
        "value" : "OUT_OF_STOCK"
      }, {
        "label" : "Discontinued",
        "value" : "DISCONTINUED"
      }, {
        "label" : "Disabled",
        "value" : "DISABLED"
      } ],
      "previousStatus" : "Available",
      "updatedAt" : "2026-08-03T04:01:42.988",
      "updatedBy" : "ADMIN",
      "createdBy" : "Admin",
      "createdAt" : "2026-07-20T21:44:09.203",
      "available" : false
    },
    "navigation" : {
      "previous" : {
        "id" : "FOOD01_00032",
        "displayName" : "Sawarma Roll",
        "available" : true,
        "metadata" : null
      },
      "next" : {
        "id" : "FOOD01_00034",
        "displayName" : "Ice cream",
        "available" : true,
        "metadata" : null
      }
    }
  }
}
===========================================

2026-08-03 04:01:43 [http-nio-8030-exec-8] INFO  c.f.f.common.audit.util.AuditAspect - AUDIT SUCCESS | RequestId=7a9b7592-f35a-49b3-8623-3c0f1c7f4832 | Duration=22 ms
2026-08-03 04:01:43 [task-31] DEBUG o.s.data.mongodb.core.MongoTemplate - Inserting Document containing fields: [api, requestUrl, requestBody, responseBody, responseStatus, responseMessage, executionTimeMs, requestId, ipAddress, createdAt, module, method, action, requestMethod, _class] in collection: fm_api_audit_logs
2026-08-03 04:01:43 [task-31] INFO  c.f.f.c.config.MongoLoggingListener - 
====================================================
MONGO COMMAND STARTED
COMMAND : insert
QUERY   : {"insert": "fm_api_audit_logs", "ordered": true, "$db": "test", "lsid": {"id": {"$binary": {"base64": "UiiE2ZBUTmuk+P0Id6h5qg==", "subType": "04"}}}, "documents": [{"_id": {"$oid": "6a6fc54f3dce9fb5e778e97a"}, "api": "/api/foods/view", "requestUrl": "http://localhost:8030/api/foods/view", "requestBody": {"FoodStatusRequest": {"foodId": "FOOD01_00033", "updateFoodStatusRequest": null}}, "responseBody": {"success": true, "httpStatusCode": 200, "httpStatusMessage": "OK", "message": "Food retrived successfully", "errors": null, "data": {"data": {"id": "FOOD01_00033", "imageName": "IMG07_0000042.jpg", "foodName": "Gulab Jamun", "description": "Gulab jamun is a popular South Asian sweet consisting of deep-fried dough balls made from milk solids, soaked in a fragrant rose-scented sugar syrup. The name translates to \"rose water\" (gulab) and a dark purple plum (jamun)", "price": 20.9, "imageUrl": "https://fresh-meal.s3.ap-south-1.amazonaws.com/IMG07_0000042.jpg", "foodCategories": [{"label": "Side Dish", "value": "SIDE_DISH"}, {"label": "Dessert", "value": "DESSERT"}], "dietCategory": {"label": "Veg", "value": "VEG"}, "cuisineType": {"label": "Indian", "value": "INDIAN"}, "categoryGroups": [{"label": "Dessert", "value": "DESSERT"}, {"label": "Course Type", "value": "COURSE_TYPE"}], "foodStatus": {"label": "Available", "value": "AVAILABLE"}, "allowedStatuses": [{"label": "Out of Stock", "value": "OUT_OF_STOCK"}, {"label": "Discontinued", "value": "DISCONTINUED"}, {"label": "Disabled", "value": "DISABLED"}], "previousStatus": "Available", "updatedAt": "2026-08-03T04:01:42.988", "updatedBy": "ADMIN", "createdBy": "Admin", "createdAt": "2026-07-20T21:44:09.203", "available": false}, "navigation": {"previous": {"id": "FOOD01_00032", "displayName": "Sawarma Roll", "available": true, "metadata": null}, "next": {"id": "FOOD01_00034", "displayName": "Ice cream", "available": true, "metadata": null}}}}, "responseStatus": 200, "responseMessage": "OK", "executionTimeMs": 22, "requestId": "7a9b7592-f35a-49b3-8623-3c0f1c7f4832", "ipAddress": "0:0:0:0:0:0:0:1", "createdAt": {"$date": "2026-08-02T22:31:43.027Z"}, "module": "FOOD", "method": "API", "action": "GET", "requestMethod": "POST", "_class": "com.foodies.freshmeal.common.audit.entity.impl.AuditLog"}]}
====================================================
2026-08-03 04:01:43 [task-31] INFO  c.f.f.c.config.MongoLoggingListener - 
====================================================
MONGO COMMAND SUCCESS
COMMAND  : insert
DURATION : 5 ms
====================================================
2026-08-03 04:01:49 [http-nio-8030-exec-9] INFO  c.f.f.common.audit.util.AuditAspect - AUDIT STARTED | RequestId=171acf1a-907c-4842-ba8e-657b96aa1033 | API=/api/foods/FOOD01_00033/status | HTTP Method=PATCH
2026-08-03 04:01:49 [http-nio-8030-exec-9] ERROR c.f.f.common.audit.util.AuditAspect - Failed to serialize request object.
java.lang.reflect.InaccessibleObjectException: Unable to make field private final byte[] java.lang.String.value accessible: module java.base does not "opens java.lang" to unnamed module @5d3da839
	at java.base/java.lang.reflect.AccessibleObject.throwInaccessibleObjectException(AccessibleObject.java:391)
	at java.base/java.lang.reflect.AccessibleObject.checkCanSetAccessible(AccessibleObject.java:367)
	at java.base/java.lang.reflect.AccessibleObject.checkCanSetAccessible(AccessibleObject.java:315)
	at java.base/java.lang.reflect.Field.checkCanSetAccessible(Field.java:183)
	at java.base/java.lang.reflect.Field.setAccessible(Field.java:177)
	at com.foodies.freshmeal.common.audit.util.AuditMaskingUtil.maskObject(AuditMaskingUtil.java:44)
	at com.foodies.freshmeal.common.audit.util.AuditAspect.buildRequestDocument(AuditAspect.java:398)
	at com.foodies.freshmeal.common.audit.util.AuditAspect.audit(AuditAspect.java:159)
	at java.base/jdk.internal.reflect.DirectMethodHandleAccessor.invoke(DirectMethodHandleAccessor.java:103)
	at java.base/java.lang.reflect.Method.invoke(Method.java:580)
	at org.springframework.aop.aspectj.AbstractAspectJAdvice.invokeAdviceMethodWithGivenArgs(AbstractAspectJAdvice.java:648)
	at org.springframework.aop.aspectj.AbstractAspectJAdvice.invokeAdviceMethod(AbstractAspectJAdvice.java:630)
	at org.springframework.aop.aspectj.AspectJAroundAdvice.invoke(AspectJAroundAdvice.java:70)
	at org.springframework.aop.framework.ReflectiveMethodInvocation.proceed(ReflectiveMethodInvocation.java:168)
	at org.springframework.aop.interceptor.ExposeInvocationInterceptor.invoke(ExposeInvocationInterceptor.java:96)
	at org.springframework.aop.framework.ReflectiveMethodInvocation.proceed(ReflectiveMethodInvocation.java:179)
	at org.springframework.aop.framework.CglibAopProxy$DynamicAdvisedInterceptor.intercept(CglibAopProxy.java:719)
	at com.foodies.freshmeal.food.controller.impl.FoodController$$SpringCGLIB$$0.updateFoodStatus(<generated>)
	at java.base/jdk.internal.reflect.DirectMethodHandleAccessor.invoke(DirectMethodHandleAccessor.java:103)
	at java.base/java.lang.reflect.Method.invoke(Method.java:580)
	at org.springframework.web.method.support.InvocableHandlerMethod.doInvoke(InvocableHandlerMethod.java:252)
	at org.springframework.web.method.support.InvocableHandlerMethod.invokeForRequest(InvocableHandlerMethod.java:184)
	at org.springframework.web.servlet.mvc.method.annotation.ServletInvocableHandlerMethod.invokeAndHandle(ServletInvocableHandlerMethod.java:117)
	at org.springframework.web.servlet.mvc.method.annotation.RequestMappingHandlerAdapter.invokeHandlerMethod(RequestMappingHandlerAdapter.java:934)
	at org.springframework.web.servlet.mvc.method.annotation.RequestMappingHandlerAdapter.handleInternal(RequestMappingHandlerAdapter.java:853)
	at org.springframework.web.servlet.mvc.method.AbstractHandlerMethodAdapter.handle(AbstractHandlerMethodAdapter.java:86)
	at org.springframework.web.servlet.DispatcherServlet.doDispatch(DispatcherServlet.java:963)
	at org.springframework.web.servlet.DispatcherServlet.doService(DispatcherServlet.java:866)
	at org.springframework.web.servlet.FrameworkServlet.processRequest(FrameworkServlet.java:1000)
	at org.springframework.web.servlet.FrameworkServlet.service(FrameworkServlet.java:877)
	at jakarta.servlet.http.HttpServlet.service(HttpServlet.java:710)
	at org.apache.catalina.core.ApplicationFilterChain.doFilter(ApplicationFilterChain.java:128)
	at org.apache.tomcat.websocket.server.WsFilter.doFilter(WsFilter.java:53)
	at org.apache.catalina.core.ApplicationFilterChain.doFilter(ApplicationFilterChain.java:107)
	at org.springframework.web.filter.CompositeFilter$VirtualFilterChain.doFilter(CompositeFilter.java:108)
	at org.springframework.security.web.FilterChainProxy.lambda$doFilterInternal$3(FilterChainProxy.java:235)
	at org.springframework.security.web.FilterChainProxy$VirtualFilterChain.doFilter(FilterChainProxy.java:376)
	at org.springframework.security.web.access.intercept.AuthorizationFilter.doFilter(AuthorizationFilter.java:101)
	at org.springframework.security.web.FilterChainProxy$VirtualFilterChain.doFilter(FilterChainProxy.java:385)
	at org.springframework.security.web.access.ExceptionTranslationFilter.doFilter(ExceptionTranslationFilter.java:126)
	at org.springframework.security.web.access.ExceptionTranslationFilter.doFilter(ExceptionTranslationFilter.java:120)
	at org.springframework.security.web.FilterChainProxy$VirtualFilterChain.doFilter(FilterChainProxy.java:385)
	at org.springframework.security.web.authentication.AnonymousAuthenticationFilter.doFilter(AnonymousAuthenticationFilter.java:100)
	at org.springframework.security.web.FilterChainProxy$VirtualFilterChain.doFilter(FilterChainProxy.java:385)
	at org.springframework.security.web.servletapi.SecurityContextHolderAwareRequestFilter.doFilter(SecurityContextHolderAwareRequestFilter.java:181)
	at org.springframework.security.web.FilterChainProxy$VirtualFilterChain.doFilter(FilterChainProxy.java:385)
	at org.springframework.security.web.savedrequest.RequestCacheAwareFilter.doFilter(RequestCacheAwareFilter.java:63)
	at org.springframework.security.web.FilterChainProxy$VirtualFilterChain.doFilter(FilterChainProxy.java:385)
	at org.springframework.security.web.authentication.www.BasicAuthenticationFilter.doFilterInternal(BasicAuthenticationFilter.java:198)
	at org.springframework.web.filter.OncePerRequestFilter.doFilter(OncePerRequestFilter.java:116)
	at org.springframework.security.web.FilterChainProxy$VirtualFilterChain.doFilter(FilterChainProxy.java:385)
	at org.springframework.security.web.authentication.logout.LogoutFilter.doFilter(LogoutFilter.java:110)
	at org.springframework.security.web.authentication.logout.LogoutFilter.doFilter(LogoutFilter.java:96)
	at org.springframework.security.web.FilterChainProxy$VirtualFilterChain.doFilter(FilterChainProxy.java:385)
	at org.springframework.security.web.header.HeaderWriterFilter.doHeadersAfter(HeaderWriterFilter.java:90)
	at org.springframework.security.web.header.HeaderWriterFilter.doFilterInternal(HeaderWriterFilter.java:75)
	at org.springframework.web.filter.OncePerRequestFilter.doFilter(OncePerRequestFilter.java:116)
	at org.springframework.security.web.FilterChainProxy$VirtualFilterChain.doFilter(FilterChainProxy.java:385)
	at org.springframework.security.web.context.SecurityContextHolderFilter.doFilter(SecurityContextHolderFilter.java:82)
	at org.springframework.security.web.context.SecurityContextHolderFilter.doFilter(SecurityContextHolderFilter.java:69)
	at org.springframework.security.web.FilterChainProxy$VirtualFilterChain.doFilter(FilterChainProxy.java:385)
	at org.springframework.security.web.context.request.async.WebAsyncManagerIntegrationFilter.doFilterInternal(WebAsyncManagerIntegrationFilter.java:62)
	at org.springframework.web.filter.OncePerRequestFilter.doFilter(OncePerRequestFilter.java:116)
	at org.springframework.security.web.FilterChainProxy$VirtualFilterChain.doFilter(FilterChainProxy.java:385)
	at org.springframework.security.web.session.DisableEncodeUrlFilter.doFilterInternal(DisableEncodeUrlFilter.java:42)
	at org.springframework.web.filter.OncePerRequestFilter.doFilter(OncePerRequestFilter.java:116)
	at org.springframework.security.web.FilterChainProxy$VirtualFilterChain.doFilter(FilterChainProxy.java:385)
	at org.springframework.security.web.FilterChainProxy.doFilterInternal(FilterChainProxy.java:237)
	at org.springframework.security.web.FilterChainProxy.doFilter(FilterChainProxy.java:195)
	at org.springframework.web.filter.CompositeFilter$VirtualFilterChain.doFilter(CompositeFilter.java:113)
	at org.springframework.web.filter.ServletRequestPathFilter.doFilter(ServletRequestPathFilter.java:52)
	at org.springframework.web.filter.CompositeFilter$VirtualFilterChain.doFilter(CompositeFilter.java:113)
	at org.springframework.web.filter.CompositeFilter.doFilter(CompositeFilter.java:74)
	at org.springframework.security.config.annotation.web.configuration.WebSecurityConfiguration$CompositeFilterChainProxy.doFilter(WebSecurityConfiguration.java:317)
	at org.springframework.web.filter.DelegatingFilterProxy.invokeDelegate(DelegatingFilterProxy.java:355)
	at org.springframework.web.filter.DelegatingFilterProxy.doFilter(DelegatingFilterProxy.java:272)
	at org.apache.catalina.core.ApplicationFilterChain.doFilter(ApplicationFilterChain.java:107)
	at org.springframework.web.filter.RequestContextFilter.doFilterInternal(RequestContextFilter.java:100)
	at org.springframework.web.filter.OncePerRequestFilter.doFilter(OncePerRequestFilter.java:116)
	at org.apache.catalina.core.ApplicationFilterChain.doFilter(ApplicationFilterChain.java:107)
	at org.springframework.web.filter.FormContentFilter.doFilterInternal(FormContentFilter.java:93)
	at org.springframework.web.filter.OncePerRequestFilter.doFilter(OncePerRequestFilter.java:116)
	at org.apache.catalina.core.ApplicationFilterChain.doFilter(ApplicationFilterChain.java:107)
	at org.springframework.web.filter.CharacterEncodingFilter.doFilterInternal(CharacterEncodingFilter.java:199)
	at org.springframework.web.filter.OncePerRequestFilter.doFilter(OncePerRequestFilter.java:116)
	at org.apache.catalina.core.ApplicationFilterChain.doFilter(ApplicationFilterChain.java:107)
	at org.apache.catalina.core.StandardWrapperValve.invoke(StandardWrapperValve.java:165)
	at org.apache.catalina.core.StandardContextValve.invoke(StandardContextValve.java:77)
	at org.apache.catalina.authenticator.AuthenticatorBase.invoke(AuthenticatorBase.java:492)
	at org.apache.catalina.core.StandardHostValve.invoke(StandardHostValve.java:113)
	at org.apache.catalina.valves.ErrorReportValve.invoke(ErrorReportValve.java:83)
	at org.apache.catalina.core.StandardEngineValve.invoke(StandardEngineValve.java:72)
	at org.apache.catalina.connector.CoyoteAdapter.service(CoyoteAdapter.java:341)
	at org.apache.coyote.http11.Http11Processor.service(Http11Processor.java:397)
	at org.apache.coyote.AbstractProcessorLight.process(AbstractProcessorLight.java:63)
	at org.apache.coyote.AbstractProtocol$ConnectionHandler.process(AbstractProtocol.java:903)
	at org.apache.tomcat.util.net.NioEndpoint$SocketProcessor.doRun(NioEndpoint.java:1801)
	at org.apache.tomcat.util.net.SocketProcessorBase.run(SocketProcessorBase.java:52)
	at org.apache.tomcat.util.threads.ThreadPoolExecutor.runWorker(ThreadPoolExecutor.java:946)
	at org.apache.tomcat.util.threads.ThreadPoolExecutor$Worker.run(ThreadPoolExecutor.java:480)
	at org.apache.tomcat.util.threads.TaskThread$WrappingRunnable.run(TaskThread.java:57)
	at java.base/java.lang.Thread.run(Thread.java:1583)
2026-08-03 04:01:49 [http-nio-8030-exec-9] INFO  c.f.f.common.audit.util.AuditAspect - 
================= REQUEST =================
Timestamp   : 2026-08-03 04:01:49
RequestId   : 171acf1a-907c-4842-ba8e-657b96aa1033
HTTP Method : PATCH
URL         : /api/foods/FOOD01_00033/status
Payload     :
{
  "String" : "Serialization Failed",
  "UpdateFoodStatusRequest" : {
    "status" : {
      "label" : "Disabled",
      "value" : "DISABLED"
    }
  }
}
===========================================

2026-08-03 04:01:49 [http-nio-8030-exec-9] DEBUG o.s.data.mongodb.core.MongoTemplate - findOne using query: { "id" : "FOOD01_00033"} fields: Document{{}} for class: class com.foodies.freshmeal.food.entity.FoodEntity in collection: fm_food
2026-08-03 04:01:49 [http-nio-8030-exec-9] INFO  c.f.f.c.config.MongoLoggingListener - 
====================================================
MONGO COMMAND STARTED
COMMAND : find
QUERY   : {"find": "fm_food", "filter": {"_id": "FOOD01_00033"}, "limit": 1, "singleBatch": true, "$db": "test", "lsid": {"id": {"$binary": {"base64": "UiiE2ZBUTmuk+P0Id6h5qg==", "subType": "04"}}}}
====================================================
2026-08-03 04:01:49 [http-nio-8030-exec-9] INFO  c.f.f.c.config.MongoLoggingListener - 
====================================================
MONGO COMMAND SUCCESS
COMMAND  : find
DURATION : 1 ms
====================================================
2026-08-03 04:01:49 [http-nio-8030-exec-9] DEBUG o.s.data.mongodb.core.MongoTemplate - Saving Document containing fields: [_id, imageName, foodName, description, price, foodCategories, imageUrl, dietCategory, cuisineType, categoryGroups, status, statusUpdatedAt, statusUpdatedBy, food_availability, createdAt, createdBy, updatedAt, updatedBy, deletedFlag, recordStatus, _class]
2026-08-03 04:01:50 [http-nio-8030-exec-9] INFO  c.f.f.c.config.MongoLoggingListener - 
====================================================
MONGO COMMAND STARTED
COMMAND : update
QUERY   : {"update": "fm_food", "ordered": true, "$db": "test", "lsid": {"id": {"$binary": {"base64": "UiiE2ZBUTmuk+P0Id6h5qg==", "subType": "04"}}}, "updates": [{"q": {"_id": "FOOD01_00033"}, "u": {"_id": "FOOD01_00033", "imageName": "IMG07_0000042.jpg", "foodName": "Gulab Jamun", "description": "Gulab jamun is a popular South Asian sweet consisting of deep-fried dough balls made from milk solids, soaked in a fragrant rose-scented sugar syrup. The name translates to \"rose water\" (gulab) and a dark purple plum (jamun)", "price": 20.9, "foodCategories": ["SIDE_DISH", "DESSERT"], "imageUrl": "https://fresh-meal.s3.ap-south-1.amazonaws.com/IMG07_0000042.jpg", "dietCategory": "VEG", "cuisineType": "INDIAN", "categoryGroups": ["DESSERT", "COURSE_TYPE"], "status": "DISABLED", "statusUpdatedAt": {"$date": "2026-08-02T22:31:49.995Z"}, "statusUpdatedBy": "ADMIN", "food_availability": false, "createdAt": {"$date": "2026-07-20T16:14:09.203Z"}, "createdBy": "Admin", "updatedAt": {"$date": "2026-08-02T22:31:49.995Z"}, "updatedBy": "ADMIN", "deletedFlag": false, "recordStatus": "ACTIVE", "_class": "com.foodies.freshmeal.food.entity.FoodEntity"}, "upsert": true}]}
====================================================
2026-08-03 04:01:50 [http-nio-8030-exec-9] INFO  c.f.f.c.config.MongoLoggingListener - 
====================================================
MONGO COMMAND SUCCESS
COMMAND  : update
DURATION : 4 ms
====================================================
2026-08-03 04:01:50 [http-nio-8030-exec-9] INFO  c.f.f.common.audit.util.AuditAspect - 
================= RESPONSE =================
RequestId    : 171acf1a-907c-4842-ba8e-657b96aa1033
Status       : 200
Duration(ms) : 21
Payload      :
{
  "success" : true,
  "httpStatusCode" : 200,
  "httpStatusMessage" : "OK",
  "message" : "Food status updated successfully.",
  "errors" : null,
  "data" : {
    "id" : "FOOD01_00033",
    "imageName" : "IMG07_0000042.jpg",
    "foodName" : "Gulab Jamun",
    "description" : "Gulab jamun is a popular South Asian sweet consisting of deep-fried dough balls made from milk solids, soaked in a fragrant rose-scented sugar syrup. The name translates to \"rose water\" (gulab) and a dark purple plum (jamun)",
    "price" : 20.9,
    "imageUrl" : "https://fresh-meal.s3.ap-south-1.amazonaws.com/IMG07_0000042.jpg",
    "foodCategories" : [ {
      "label" : "Side Dish",
      "value" : "SIDE_DISH"
    }, {
      "label" : "Dessert",
      "value" : "DESSERT"
    } ],
    "dietCategory" : {
      "label" : "Veg",
      "value" : "VEG"
    },
    "cuisineType" : {
      "label" : "Indian",
      "value" : "INDIAN"
    },
    "categoryGroups" : [ {
      "label" : "Dessert",
      "value" : "DESSERT"
    }, {
      "label" : "Course Type",
      "value" : "COURSE_TYPE"
    } ],
    "foodStatus" : {
      "label" : "Disabled",
      "value" : "DISABLED"
    },
    "allowedStatuses" : [ {
      "label" : "Available",
      "value" : "AVAILABLE"
    } ],
    "previousStatus" : "Available",
    "updatedAt" : "2026-08-03T04:01:49.995150400",
    "updatedBy" : "ADMIN",
    "createdBy" : null,
    "createdAt" : null,
    "available" : false
  }
}
===========================================

2026-08-03 04:01:50 [http-nio-8030-exec-9] INFO  c.f.f.common.audit.util.AuditAspect - AUDIT SUCCESS | RequestId=171acf1a-907c-4842-ba8e-657b96aa1033 | Duration=21 ms
2026-08-03 04:01:50 [task-32] DEBUG o.s.data.mongodb.core.MongoTemplate - Inserting Document containing fields: [api, requestUrl, requestBody, responseBody, responseStatus, responseMessage, executionTimeMs, requestId, ipAddress, createdAt, module, method, action, requestMethod, _class] in collection: fm_api_audit_logs
2026-08-03 04:01:50 [task-32] INFO  c.f.f.c.config.MongoLoggingListener - 
====================================================
MONGO COMMAND STARTED
COMMAND : insert
QUERY   : {"insert": "fm_api_audit_logs", "ordered": true, "$db": "test", "lsid": {"id": {"$binary": {"base64": "UiiE2ZBUTmuk+P0Id6h5qg==", "subType": "04"}}}, "documents": [{"_id": {"$oid": "6a6fc5563dce9fb5e778e97b"}, "api": "/api/foods/FOOD01_00033/status", "requestUrl": "http://localhost:8030/api/foods/FOOD01_00033/status", "requestBody": {"String": "Serialization Failed", "UpdateFoodStatusRequest": {"status": {"label": "Disabled", "value": "DISABLED"}}}, "responseBody": {"success": true, "httpStatusCode": 200, "httpStatusMessage": "OK", "message": "Food status updated successfully.", "errors": null, "data": {"id": "FOOD01_00033", "imageName": "IMG07_0000042.jpg", "foodName": "Gulab Jamun", "description": "Gulab jamun is a popular South Asian sweet consisting of deep-fried dough balls made from milk solids, soaked in a fragrant rose-scented sugar syrup. The name translates to \"rose water\" (gulab) and a dark purple plum (jamun)", "price": 20.9, "imageUrl": "https://fresh-meal.s3.ap-south-1.amazonaws.com/IMG07_0000042.jpg", "foodCategories": [{"label": "Side Dish", "value": "SIDE_DISH"}, {"label": "Dessert", "value": "DESSERT"}], "dietCategory": {"label": "Veg", "value": "VEG"}, "cuisineType": {"label": "Indian", "value": "INDIAN"}, "categoryGroups": [{"label": "Dessert", "value": "DESSERT"}, {"label": "Course Type", "value": "COURSE_TYPE"}], "foodStatus": {"label": "Disabled", "value": "DISABLED"}, "allowedStatuses": [{"label": "Available", "value": "AVAILABLE"}], "previousStatus": "Available", "updatedAt": "2026-08-03T04:01:49.995150400", "updatedBy": "ADMIN", "createdBy": null, "createdAt": null, "available": false}}, "responseStatus": 200, "responseMessage": "OK", "executionTimeMs": 21, "requestId": "171acf1a-907c-4842-ba8e-657b96aa1033", "ipAddress": "0:0:0:0:0:0:0:1", "createdAt": {"$date": "2026-08-02T22:31:49.982Z"}, "module": "FOOD", "method": "API", "action": "UPDATE", "requestMethod": "PATCH", "_class": "com.foodies.freshmeal.common.audit.entity.impl.AuditLog"}]}
====================================================
2026-08-03 04:01:50 [task-32] INFO  c.f.f.c.config.MongoLoggingListener - 
====================================================
MONGO COMMAND SUCCESS
COMMAND  : insert
DURATION : 7 ms
====================================================
2026-08-03 04:01:50 [http-nio-8030-exec-4] INFO  c.f.f.common.audit.util.AuditAspect - AUDIT STARTED | RequestId=65107d18-f2ac-41a6-afcd-abf84caf89f3 | API=/api/foods/view | HTTP Method=POST
2026-08-03 04:01:50 [http-nio-8030-exec-4] INFO  c.f.f.common.audit.util.AuditAspect - 
================= REQUEST =================
Timestamp   : 2026-08-03 04:01:50
RequestId   : 65107d18-f2ac-41a6-afcd-abf84caf89f3
HTTP Method : POST
URL         : /api/foods/view
Payload     :
{
  "FoodStatusRequest" : {
    "foodId" : "FOOD01_00033",
    "updateFoodStatusRequest" : null
  }
}
===========================================

2026-08-03 04:01:50 [http-nio-8030-exec-4] INFO  c.f.f.i.s.impl.ImageServiceImpl - Fetching food details for Food Id : FOOD01_00033
2026-08-03 04:01:50 [http-nio-8030-exec-4] DEBUG o.s.data.mongodb.core.MongoTemplate - findOne using query: { "id" : "FOOD01_00033"} fields: Document{{}} for class: class com.foodies.freshmeal.food.entity.FoodEntity in collection: fm_food
2026-08-03 04:01:50 [http-nio-8030-exec-4] INFO  c.f.f.c.config.MongoLoggingListener - 
====================================================
MONGO COMMAND STARTED
COMMAND : find
QUERY   : {"find": "fm_food", "filter": {"_id": "FOOD01_00033"}, "limit": 1, "singleBatch": true, "$db": "test", "lsid": {"id": {"$binary": {"base64": "UiiE2ZBUTmuk+P0Id6h5qg==", "subType": "04"}}}}
====================================================
2026-08-03 04:01:50 [http-nio-8030-exec-4] INFO  c.f.f.c.config.MongoLoggingListener - 
====================================================
MONGO COMMAND SUCCESS
COMMAND  : find
DURATION : 1 ms
====================================================
2026-08-03 04:01:50 [http-nio-8030-exec-4] INFO  c.f.f.f.s.i.FoodNavigationServiceImpl - Building navigation for Food Id : FOOD01_00033
2026-08-03 04:01:50 [http-nio-8030-exec-4] DEBUG o.s.data.mongodb.core.MongoTemplate - find using query: { "_id" : { "$lt" : "FOOD01_00033"}} fields: Document{{}} sort: null for class: class com.foodies.freshmeal.food.entity.FoodEntity in collection: fm_food
2026-08-03 04:01:50 [http-nio-8030-exec-4] INFO  c.f.f.c.config.MongoLoggingListener - 
====================================================
MONGO COMMAND STARTED
COMMAND : find
QUERY   : {"find": "fm_food", "filter": {"_id": {"$lt": "FOOD01_00033"}}, "sort": {"_id": -1}, "limit": 1, "$db": "test", "lsid": {"id": {"$binary": {"base64": "UiiE2ZBUTmuk+P0Id6h5qg==", "subType": "04"}}}}
====================================================
2026-08-03 04:01:50 [http-nio-8030-exec-4] INFO  c.f.f.c.config.MongoLoggingListener - 
====================================================
MONGO COMMAND SUCCESS
COMMAND  : find
DURATION : 3 ms
====================================================
2026-08-03 04:01:50 [http-nio-8030-exec-4] DEBUG o.s.data.mongodb.core.MongoTemplate - find using query: { "_id" : { "$gt" : "FOOD01_00033"}} fields: Document{{}} sort: null for class: class com.foodies.freshmeal.food.entity.FoodEntity in collection: fm_food
2026-08-03 04:01:50 [http-nio-8030-exec-4] INFO  c.f.f.c.config.MongoLoggingListener - 
====================================================
MONGO COMMAND STARTED
COMMAND : find
QUERY   : {"find": "fm_food", "filter": {"_id": {"$gt": "FOOD01_00033"}}, "sort": {"_id": 1}, "limit": 1, "$db": "test", "lsid": {"id": {"$binary": {"base64": "UiiE2ZBUTmuk+P0Id6h5qg==", "subType": "04"}}}}
====================================================
2026-08-03 04:01:50 [http-nio-8030-exec-4] INFO  c.f.f.c.config.MongoLoggingListener - 
====================================================
MONGO COMMAND SUCCESS
COMMAND  : find
DURATION : 1 ms
====================================================
2026-08-03 04:01:50 [http-nio-8030-exec-4] INFO  c.f.f.f.s.i.FoodNavigationServiceImpl - Navigation generated successfully for Food Id : FOOD01_00033
2026-08-03 04:01:50 [http-nio-8030-exec-4] INFO  c.f.f.i.s.impl.ImageServiceImpl - Food details retrieved successfully for Food Id : FOOD01_00033
2026-08-03 04:01:50 [http-nio-8030-exec-4] INFO  c.f.f.common.audit.util.AuditAspect - 
================= RESPONSE =================
RequestId    : 65107d18-f2ac-41a6-afcd-abf84caf89f3
Status       : 200
Duration(ms) : 24
Payload      :
{
  "success" : true,
  "httpStatusCode" : 200,
  "httpStatusMessage" : "OK",
  "message" : "Food retrived successfully",
  "errors" : null,
  "data" : {
    "data" : {
      "id" : "FOOD01_00033",
      "imageName" : "IMG07_0000042.jpg",
      "foodName" : "Gulab Jamun",
      "description" : "Gulab jamun is a popular South Asian sweet consisting of deep-fried dough balls made from milk solids, soaked in a fragrant rose-scented sugar syrup. The name translates to \"rose water\" (gulab) and a dark purple plum (jamun)",
      "price" : 20.9,
      "imageUrl" : "https://fresh-meal.s3.ap-south-1.amazonaws.com/IMG07_0000042.jpg",
      "foodCategories" : [ {
        "label" : "Side Dish",
        "value" : "SIDE_DISH"
      }, {
        "label" : "Dessert",
        "value" : "DESSERT"
      } ],
      "dietCategory" : {
        "label" : "Veg",
        "value" : "VEG"
      },
      "cuisineType" : {
        "label" : "Indian",
        "value" : "INDIAN"
      },
      "categoryGroups" : [ {
        "label" : "Dessert",
        "value" : "DESSERT"
      }, {
        "label" : "Course Type",
        "value" : "COURSE_TYPE"
      } ],
      "foodStatus" : {
        "label" : "Disabled",
        "value" : "DISABLED"
      },
      "allowedStatuses" : [ {
        "label" : "Available",
        "value" : "AVAILABLE"
      } ],
      "previousStatus" : "Disabled",
      "updatedAt" : "2026-08-03T04:01:49.995",
      "updatedBy" : "ADMIN",
      "createdBy" : "Admin",
      "createdAt" : "2026-07-20T21:44:09.203",
      "available" : false
    },
    "navigation" : {
      "previous" : {
        "id" : "FOOD01_00032",
        "displayName" : "Sawarma Roll",
        "available" : true,
        "metadata" : null
      },
      "next" : {
        "id" : "FOOD01_00034",
        "displayName" : "Ice cream",
        "available" : true,
        "metadata" : null
      }
    }
  }
}
===========================================

2026-08-03 04:01:50 [http-nio-8030-exec-4] INFO  c.f.f.common.audit.util.AuditAspect - AUDIT SUCCESS | RequestId=65107d18-f2ac-41a6-afcd-abf84caf89f3 | Duration=24 ms
2026-08-03 04:01:50 [task-33] DEBUG o.s.data.mongodb.core.MongoTemplate - Inserting Document containing fields: [api, requestUrl, requestBody, responseBody, responseStatus, responseMessage, executionTimeMs, requestId, ipAddress, createdAt, module, method, action, requestMethod, _class] in collection: fm_api_audit_logs
2026-08-03 04:01:50 [task-33] INFO  c.f.f.c.config.MongoLoggingListener - 
====================================================
MONGO COMMAND STARTED
COMMAND : insert
QUERY   : {"insert": "fm_api_audit_logs", "ordered": true, "$db": "test", "lsid": {"id": {"$binary": {"base64": "UiiE2ZBUTmuk+P0Id6h5qg==", "subType": "04"}}}, "documents": [{"_id": {"$oid": "6a6fc5563dce9fb5e778e97c"}, "api": "/api/foods/view", "requestUrl": "http://localhost:8030/api/foods/view", "requestBody": {"FoodStatusRequest": {"foodId": "FOOD01_00033", "updateFoodStatusRequest": null}}, "responseBody": {"success": true, "httpStatusCode": 200, "httpStatusMessage": "OK", "message": "Food retrived successfully", "errors": null, "data": {"data": {"id": "FOOD01_00033", "imageName": "IMG07_0000042.jpg", "foodName": "Gulab Jamun", "description": "Gulab jamun is a popular South Asian sweet consisting of deep-fried dough balls made from milk solids, soaked in a fragrant rose-scented sugar syrup. The name translates to \"rose water\" (gulab) and a dark purple plum (jamun)", "price": 20.9, "imageUrl": "https://fresh-meal.s3.ap-south-1.amazonaws.com/IMG07_0000042.jpg", "foodCategories": [{"label": "Side Dish", "value": "SIDE_DISH"}, {"label": "Dessert", "value": "DESSERT"}], "dietCategory": {"label": "Veg", "value": "VEG"}, "cuisineType": {"label": "Indian", "value": "INDIAN"}, "categoryGroups": [{"label": "Dessert", "value": "DESSERT"}, {"label": "Course Type", "value": "COURSE_TYPE"}], "foodStatus": {"label": "Disabled", "value": "DISABLED"}, "allowedStatuses": [{"label": "Available", "value": "AVAILABLE"}], "previousStatus": "Disabled", "updatedAt": "2026-08-03T04:01:49.995", "updatedBy": "ADMIN", "createdBy": "Admin", "createdAt": "2026-07-20T21:44:09.203", "available": false}, "navigation": {"previous": {"id": "FOOD01_00032", "displayName": "Sawarma Roll", "available": true, "metadata": null}, "next": {"id": "FOOD01_00034", "displayName": "Ice cream", "available": true, "metadata": null}}}}, "responseStatus": 200, "responseMessage": "OK", "executionTimeMs": 24, "requestId": "65107d18-f2ac-41a6-afcd-abf84caf89f3", "ipAddress": "0:0:0:0:0:0:0:1", "createdAt": {"$date": "2026-08-02T22:31:50.029Z"}, "module": "FOOD", "method": "API", "action": "GET", "requestMethod": "POST", "_class": "com.foodies.freshmeal.common.audit.entity.impl.AuditLog"}]}
====================================================
2026-08-03 04:01:50 [task-33] INFO  c.f.f.c.config.MongoLoggingListener - 
====================================================
MONGO COMMAND SUCCESS
COMMAND  : insert
DURATION : 3 ms
====================================================
2026-08-03 04:02:50 [http-nio-8030-exec-2] INFO  c.f.f.common.audit.util.AuditAspect - AUDIT STARTED | RequestId=2bf46e7f-45b8-4c08-be78-1d8873610c62 | API=/api/foods/add | HTTP Method=POST
2026-08-03 04:02:50 [http-nio-8030-exec-2] ERROR c.f.f.common.audit.util.AuditAspect - Failed to serialize request object.
java.lang.reflect.InaccessibleObjectException: Unable to make field private final byte[] java.lang.String.value accessible: module java.base does not "opens java.lang" to unnamed module @5d3da839
	at java.base/java.lang.reflect.AccessibleObject.throwInaccessibleObjectException(AccessibleObject.java:391)
	at java.base/java.lang.reflect.AccessibleObject.checkCanSetAccessible(AccessibleObject.java:367)
	at java.base/java.lang.reflect.AccessibleObject.checkCanSetAccessible(AccessibleObject.java:315)
	at java.base/java.lang.reflect.Field.checkCanSetAccessible(Field.java:183)
	at java.base/java.lang.reflect.Field.setAccessible(Field.java:177)
	at com.foodies.freshmeal.common.audit.util.AuditMaskingUtil.maskObject(AuditMaskingUtil.java:44)
	at com.foodies.freshmeal.common.audit.util.AuditAspect.buildRequestDocument(AuditAspect.java:398)
	at com.foodies.freshmeal.common.audit.util.AuditAspect.audit(AuditAspect.java:159)
	at java.base/jdk.internal.reflect.DirectMethodHandleAccessor.invoke(DirectMethodHandleAccessor.java:103)
	at java.base/java.lang.reflect.Method.invoke(Method.java:580)
	at org.springframework.aop.aspectj.AbstractAspectJAdvice.invokeAdviceMethodWithGivenArgs(AbstractAspectJAdvice.java:648)
	at org.springframework.aop.aspectj.AbstractAspectJAdvice.invokeAdviceMethod(AbstractAspectJAdvice.java:630)
	at org.springframework.aop.aspectj.AspectJAroundAdvice.invoke(AspectJAroundAdvice.java:70)
	at org.springframework.aop.framework.ReflectiveMethodInvocation.proceed(ReflectiveMethodInvocation.java:168)
	at org.springframework.aop.interceptor.ExposeInvocationInterceptor.invoke(ExposeInvocationInterceptor.java:96)
	at org.springframework.aop.framework.ReflectiveMethodInvocation.proceed(ReflectiveMethodInvocation.java:179)
	at org.springframework.aop.framework.CglibAopProxy$DynamicAdvisedInterceptor.intercept(CglibAopProxy.java:719)
	at com.foodies.freshmeal.food.controller.impl.FoodController$$SpringCGLIB$$0.addFood(<generated>)
	at java.base/jdk.internal.reflect.DirectMethodHandleAccessor.invoke(DirectMethodHandleAccessor.java:103)
	at java.base/java.lang.reflect.Method.invoke(Method.java:580)
	at org.springframework.web.method.support.InvocableHandlerMethod.doInvoke(InvocableHandlerMethod.java:252)
	at org.springframework.web.method.support.InvocableHandlerMethod.invokeForRequest(InvocableHandlerMethod.java:184)
	at org.springframework.web.servlet.mvc.method.annotation.ServletInvocableHandlerMethod.invokeAndHandle(ServletInvocableHandlerMethod.java:117)
	at org.springframework.web.servlet.mvc.method.annotation.RequestMappingHandlerAdapter.invokeHandlerMethod(RequestMappingHandlerAdapter.java:934)
	at org.springframework.web.servlet.mvc.method.annotation.RequestMappingHandlerAdapter.handleInternal(RequestMappingHandlerAdapter.java:853)
	at org.springframework.web.servlet.mvc.method.AbstractHandlerMethodAdapter.handle(AbstractHandlerMethodAdapter.java:86)
	at org.springframework.web.servlet.DispatcherServlet.doDispatch(DispatcherServlet.java:963)
	at org.springframework.web.servlet.DispatcherServlet.doService(DispatcherServlet.java:866)
	at org.springframework.web.servlet.FrameworkServlet.processRequest(FrameworkServlet.java:1000)
	at org.springframework.web.servlet.FrameworkServlet.doPost(FrameworkServlet.java:903)
	at jakarta.servlet.http.HttpServlet.service(HttpServlet.java:649)
	at org.springframework.web.servlet.FrameworkServlet.service(FrameworkServlet.java:874)
	at jakarta.servlet.http.HttpServlet.service(HttpServlet.java:710)
	at org.apache.catalina.core.ApplicationFilterChain.doFilter(ApplicationFilterChain.java:128)
	at org.apache.tomcat.websocket.server.WsFilter.doFilter(WsFilter.java:53)
	at org.apache.catalina.core.ApplicationFilterChain.doFilter(ApplicationFilterChain.java:107)
	at org.springframework.web.filter.CompositeFilter$VirtualFilterChain.doFilter(CompositeFilter.java:108)
	at org.springframework.security.web.FilterChainProxy.lambda$doFilterInternal$3(FilterChainProxy.java:235)
	at org.springframework.security.web.FilterChainProxy$VirtualFilterChain.doFilter(FilterChainProxy.java:376)
	at org.springframework.security.web.access.intercept.AuthorizationFilter.doFilter(AuthorizationFilter.java:101)
	at org.springframework.security.web.FilterChainProxy$VirtualFilterChain.doFilter(FilterChainProxy.java:385)
	at org.springframework.security.web.access.ExceptionTranslationFilter.doFilter(ExceptionTranslationFilter.java:126)
	at org.springframework.security.web.access.ExceptionTranslationFilter.doFilter(ExceptionTranslationFilter.java:120)
	at org.springframework.security.web.FilterChainProxy$VirtualFilterChain.doFilter(FilterChainProxy.java:385)
	at org.springframework.security.web.authentication.AnonymousAuthenticationFilter.doFilter(AnonymousAuthenticationFilter.java:100)
	at org.springframework.security.web.FilterChainProxy$VirtualFilterChain.doFilter(FilterChainProxy.java:385)
	at org.springframework.security.web.servletapi.SecurityContextHolderAwareRequestFilter.doFilter(SecurityContextHolderAwareRequestFilter.java:181)
	at org.springframework.security.web.FilterChainProxy$VirtualFilterChain.doFilter(FilterChainProxy.java:385)
	at org.springframework.security.web.savedrequest.RequestCacheAwareFilter.doFilter(RequestCacheAwareFilter.java:63)
	at org.springframework.security.web.FilterChainProxy$VirtualFilterChain.doFilter(FilterChainProxy.java:385)
	at org.springframework.security.web.authentication.www.BasicAuthenticationFilter.doFilterInternal(BasicAuthenticationFilter.java:198)
	at org.springframework.web.filter.OncePerRequestFilter.doFilter(OncePerRequestFilter.java:116)
	at org.springframework.security.web.FilterChainProxy$VirtualFilterChain.doFilter(FilterChainProxy.java:385)
	at org.springframework.security.web.authentication.logout.LogoutFilter.doFilter(LogoutFilter.java:110)
	at org.springframework.security.web.authentication.logout.LogoutFilter.doFilter(LogoutFilter.java:96)
	at org.springframework.security.web.FilterChainProxy$VirtualFilterChain.doFilter(FilterChainProxy.java:385)
	at org.springframework.security.web.header.HeaderWriterFilter.doHeadersAfter(HeaderWriterFilter.java:90)
	at org.springframework.security.web.header.HeaderWriterFilter.doFilterInternal(HeaderWriterFilter.java:75)
	at org.springframework.web.filter.OncePerRequestFilter.doFilter(OncePerRequestFilter.java:116)
	at org.springframework.security.web.FilterChainProxy$VirtualFilterChain.doFilter(FilterChainProxy.java:385)
	at org.springframework.security.web.context.SecurityContextHolderFilter.doFilter(SecurityContextHolderFilter.java:82)
	at org.springframework.security.web.context.SecurityContextHolderFilter.doFilter(SecurityContextHolderFilter.java:69)
	at org.springframework.security.web.FilterChainProxy$VirtualFilterChain.doFilter(FilterChainProxy.java:385)
	at org.springframework.security.web.context.request.async.WebAsyncManagerIntegrationFilter.doFilterInternal(WebAsyncManagerIntegrationFilter.java:62)
	at org.springframework.web.filter.OncePerRequestFilter.doFilter(OncePerRequestFilter.java:116)
	at org.springframework.security.web.FilterChainProxy$VirtualFilterChain.doFilter(FilterChainProxy.java:385)
	at org.springframework.security.web.session.DisableEncodeUrlFilter.doFilterInternal(DisableEncodeUrlFilter.java:42)
	at org.springframework.web.filter.OncePerRequestFilter.doFilter(OncePerRequestFilter.java:116)
	at org.springframework.security.web.FilterChainProxy$VirtualFilterChain.doFilter(FilterChainProxy.java:385)
	at org.springframework.security.web.FilterChainProxy.doFilterInternal(FilterChainProxy.java:237)
	at org.springframework.security.web.FilterChainProxy.doFilter(FilterChainProxy.java:195)
	at org.springframework.web.filter.CompositeFilter$VirtualFilterChain.doFilter(CompositeFilter.java:113)
	at org.springframework.web.filter.ServletRequestPathFilter.doFilter(ServletRequestPathFilter.java:52)
	at org.springframework.web.filter.CompositeFilter$VirtualFilterChain.doFilter(CompositeFilter.java:113)
	at org.springframework.web.filter.CompositeFilter.doFilter(CompositeFilter.java:74)
	at org.springframework.security.config.annotation.web.configuration.WebSecurityConfiguration$CompositeFilterChainProxy.doFilter(WebSecurityConfiguration.java:317)
	at org.springframework.web.filter.DelegatingFilterProxy.invokeDelegate(DelegatingFilterProxy.java:355)
	at org.springframework.web.filter.DelegatingFilterProxy.doFilter(DelegatingFilterProxy.java:272)
	at org.apache.catalina.core.ApplicationFilterChain.doFilter(ApplicationFilterChain.java:107)
	at org.springframework.web.filter.RequestContextFilter.doFilterInternal(RequestContextFilter.java:100)
	at org.springframework.web.filter.OncePerRequestFilter.doFilter(OncePerRequestFilter.java:116)
	at org.apache.catalina.core.ApplicationFilterChain.doFilter(ApplicationFilterChain.java:107)
	at org.springframework.web.filter.FormContentFilter.doFilterInternal(FormContentFilter.java:93)
	at org.springframework.web.filter.OncePerRequestFilter.doFilter(OncePerRequestFilter.java:116)
	at org.apache.catalina.core.ApplicationFilterChain.doFilter(ApplicationFilterChain.java:107)
	at org.springframework.web.filter.CharacterEncodingFilter.doFilterInternal(CharacterEncodingFilter.java:199)
	at org.springframework.web.filter.OncePerRequestFilter.doFilter(OncePerRequestFilter.java:116)
	at org.apache.catalina.core.ApplicationFilterChain.doFilter(ApplicationFilterChain.java:107)
	at org.apache.catalina.core.StandardWrapperValve.invoke(StandardWrapperValve.java:165)
	at org.apache.catalina.core.StandardContextValve.invoke(StandardContextValve.java:77)
	at org.apache.catalina.authenticator.AuthenticatorBase.invoke(AuthenticatorBase.java:492)
	at org.apache.catalina.core.StandardHostValve.invoke(StandardHostValve.java:113)
	at org.apache.catalina.valves.ErrorReportValve.invoke(ErrorReportValve.java:83)
	at org.apache.catalina.core.StandardEngineValve.invoke(StandardEngineValve.java:72)
	at org.apache.catalina.connector.CoyoteAdapter.service(CoyoteAdapter.java:341)
	at org.apache.coyote.http11.Http11Processor.service(Http11Processor.java:397)
	at org.apache.coyote.AbstractProcessorLight.process(AbstractProcessorLight.java:63)
	at org.apache.coyote.AbstractProtocol$ConnectionHandler.process(AbstractProtocol.java:903)
	at org.apache.tomcat.util.net.NioEndpoint$SocketProcessor.doRun(NioEndpoint.java:1801)
	at org.apache.tomcat.util.net.SocketProcessorBase.run(SocketProcessorBase.java:52)
	at org.apache.tomcat.util.threads.ThreadPoolExecutor.runWorker(ThreadPoolExecutor.java:946)
	at org.apache.tomcat.util.threads.ThreadPoolExecutor$Worker.run(ThreadPoolExecutor.java:480)
	at org.apache.tomcat.util.threads.TaskThread$WrappingRunnable.run(TaskThread.java:57)
	at java.base/java.lang.Thread.run(Thread.java:1583)
2026-08-03 04:02:50 [http-nio-8030-exec-2] INFO  c.f.f.common.audit.util.AuditAspect - 
================= REQUEST =================
Timestamp   : 2026-08-03 04:02:50
RequestId   : 2bf46e7f-45b8-4c08-be78-1d8873610c62
HTTP Method : POST
URL         : /api/foods/add
Payload     :
{
  "String" : "Serialization Failed"
}
===========================================

2026-08-03 04:02:50 [http-nio-8030-exec-2] INFO  c.f.f.c.s.s.i.DatabaseSequenceServiceImpl - Generating next sequence for [food_sequence]
2026-08-03 04:02:50 [http-nio-8030-exec-2] DEBUG o.s.data.mongodb.core.MongoTemplate - findAndModify using query: { "_id" : "food_sequence"} fields: Document{{}} sort: null for class: class com.foodies.freshmeal.common.sequence.entity.impl.DatabaseSequence and update: { "$inc" : { "seq" : 1}} in collection: fm_database_sequences
2026-08-03 04:02:50 [http-nio-8030-exec-2] INFO  c.f.f.c.config.MongoLoggingListener - 
====================================================
MONGO COMMAND STARTED
COMMAND : findAndModify
QUERY   : {"findAndModify": "fm_database_sequences", "query": {"_id": "food_sequence"}, "fields": {}, "new": true, "upsert": true, "update": {"$inc": {"seq": 1}}, "$db": "test", "lsid": {"id": {"$binary": {"base64": "UiiE2ZBUTmuk+P0Id6h5qg==", "subType": "04"}}}}
====================================================
2026-08-03 04:02:50 [http-nio-8030-exec-2] INFO  c.f.f.c.config.MongoLoggingListener - 
====================================================
MONGO COMMAND SUCCESS
COMMAND  : findAndModify
DURATION : 6 ms
====================================================
2026-08-03 04:02:50 [http-nio-8030-exec-2] INFO  c.f.f.c.s.s.i.DatabaseSequenceServiceImpl - Generated sequence [food_sequence] value [37]
2026-08-03 04:02:50 [http-nio-8030-exec-2] INFO  c.f.f.i.s.impl.ImageServiceImpl - Generated food ID: FOD01_37
2026-08-03 04:02:50 [http-nio-8030-exec-2] DEBUG o.s.data.mongodb.core.MongoTemplate - Saving Document containing fields: [_id, imageName, foodName, description, price, foodCategories, imageUrl, dietCategory, cuisineType, categoryGroups, status, food_availability, createdAt, createdBy, deletedFlag, recordStatus, _class]
2026-08-03 04:02:50 [http-nio-8030-exec-2] INFO  c.f.f.c.config.MongoLoggingListener - 
====================================================
MONGO COMMAND STARTED
COMMAND : update
QUERY   : {"update": "fm_food", "ordered": true, "$db": "test", "lsid": {"id": {"$binary": {"base64": "UiiE2ZBUTmuk+P0Id6h5qg==", "subType": "04"}}}, "updates": [{"q": {"_id": "FOOD01_00037"}, "u": {"_id": "FOOD01_00037", "imageName": "food-placeholder.png", "foodName": "buger", "description": "", "price": 99.0, "foodCategories": ["BURGER", "MAIN_COURSE"], "imageUrl": "https://fresh-meal.s3.ap-south-1.amazonaws.com/IMG07_0000025.png", "dietCategory": "VEG", "cuisineType": "MEXICAN", "categoryGroups": ["COURSE_TYPE", "FAST_FOOD"], "status": "AVAILABLE", "food_availability": true, "createdAt": {"$date": "2026-08-02T22:32:50.669Z"}, "createdBy": "Admin", "deletedFlag": false, "recordStatus": "ACTIVE", "_class": "com.foodies.freshmeal.food.entity.FoodEntity"}, "upsert": true}]}
====================================================
2026-08-03 04:02:50 [http-nio-8030-exec-2] INFO  c.f.f.c.config.MongoLoggingListener - 
====================================================
MONGO COMMAND SUCCESS
COMMAND  : update
DURATION : 3 ms
====================================================
2026-08-03 04:02:50 [http-nio-8030-exec-2] INFO  c.f.f.common.audit.util.AuditAspect - 
================= RESPONSE =================
RequestId    : 2bf46e7f-45b8-4c08-be78-1d8873610c62
Status       : 201
Duration(ms) : 59
Payload      :
{
  "success" : true,
  "httpStatusCode" : 201,
  "httpStatusMessage" : "CREATED",
  "message" : "Food created successfully",
  "errors" : null,
  "data" : {
    "id" : "FOOD01_00037",
    "imageName" : "food-placeholder.png",
    "foodName" : "buger",
    "description" : "",
    "price" : 99.0,
    "imageUrl" : "https://fresh-meal.s3.ap-south-1.amazonaws.com/IMG07_0000025.png",
    "foodCategories" : [ {
      "label" : "Main Course",
      "value" : "MAIN_COURSE"
    }, {
      "label" : "Burger",
      "value" : "BURGER"
    } ],
    "dietCategory" : {
      "label" : "Veg",
      "value" : "VEG"
    },
    "cuisineType" : {
      "label" : "Mexican",
      "value" : "MEXICAN"
    },
    "categoryGroups" : [ {
      "label" : "Course Type",
      "value" : "COURSE_TYPE"
    }, {
      "label" : "Fast Food",
      "value" : "FAST_FOOD"
    } ],
    "foodStatus" : {
      "label" : "Available",
      "value" : "AVAILABLE"
    },
    "allowedStatuses" : [ {
      "label" : "Out of Stock",
      "value" : "OUT_OF_STOCK"
    }, {
      "label" : "Discontinued",
      "value" : "DISCONTINUED"
    }, {
      "label" : "Disabled",
      "value" : "DISABLED"
    } ],
    "previousStatus" : "Available",
    "updatedAt" : null,
    "updatedBy" : null,
    "createdBy" : "Admin",
    "createdAt" : "2026-08-03T04:02:50.669760300",
    "available" : true
  }
}
===========================================

2026-08-03 04:02:50 [http-nio-8030-exec-2] INFO  c.f.f.common.audit.util.AuditAspect - AUDIT SUCCESS | RequestId=2bf46e7f-45b8-4c08-be78-1d8873610c62 | Duration=59 ms
2026-08-03 04:02:50 [task-34] DEBUG o.s.data.mongodb.core.MongoTemplate - Inserting Document containing fields: [api, requestUrl, requestBody, responseBody, responseStatus, responseMessage, executionTimeMs, requestId, ipAddress, createdAt, module, method, action, requestMethod, _class] in collection: fm_api_audit_logs
2026-08-03 04:02:50 [task-34] INFO  c.f.f.c.config.MongoLoggingListener - 
====================================================
MONGO COMMAND STARTED
COMMAND : insert
QUERY   : {"insert": "fm_api_audit_logs", "ordered": true, "$db": "test", "lsid": {"id": {"$binary": {"base64": "UiiE2ZBUTmuk+P0Id6h5qg==", "subType": "04"}}}, "documents": [{"_id": {"$oid": "6a6fc5923dce9fb5e778e97d"}, "api": "/api/foods/add", "requestUrl": "http://localhost:8030/api/foods/add", "requestBody": {"String": "Serialization Failed"}, "responseBody": {"success": true, "httpStatusCode": 201, "httpStatusMessage": "CREATED", "message": "Food created successfully", "errors": null, "data": {"id": "FOOD01_00037", "imageName": "food-placeholder.png", "foodName": "buger", "description": "", "price": 99.0, "imageUrl": "https://fresh-meal.s3.ap-south-1.amazonaws.com/IMG07_0000025.png", "foodCategories": [{"label": "Main Course", "value": "MAIN_COURSE"}, {"label": "Burger", "value": "BURGER"}], "dietCategory": {"label": "Veg", "value": "VEG"}, "cuisineType": {"label": "Mexican", "value": "MEXICAN"}, "categoryGroups": [{"label": "Course Type", "value": "COURSE_TYPE"}, {"label": "Fast Food", "value": "FAST_FOOD"}], "foodStatus": {"label": "Available", "value": "AVAILABLE"}, "allowedStatuses": [{"label": "Out of Stock", "value": "OUT_OF_STOCK"}, {"label": "Discontinued", "value": "DISCONTINUED"}, {"label": "Disabled", "value": "DISABLED"}], "previousStatus": "Available", "updatedAt": null, "updatedBy": null, "createdBy": "Admin", "createdAt": "2026-08-03T04:02:50.669760300", "available": true}}, "responseStatus": 201, "responseMessage": "CREATED", "executionTimeMs": 59, "requestId": "2bf46e7f-45b8-4c08-be78-1d8873610c62", "ipAddress": "0:0:0:0:0:0:0:1", "createdAt": {"$date": "2026-08-02T22:32:50.618Z"}, "module": "FOOD", "method": "API", "action": "CREATE", "requestMethod": "POST", "_class": "com.foodies.freshmeal.common.audit.entity.impl.AuditLog"}]}
====================================================
2026-08-03 04:02:50 [task-34] INFO  c.f.f.c.config.MongoLoggingListener - 
====================================================
MONGO COMMAND SUCCESS
COMMAND  : insert
DURATION : 4 ms
====================================================
2026-08-03 04:02:56 [http-nio-8030-exec-3] DEBUG o.s.data.mongodb.core.MongoTemplate - find using query: {} fields: Document{{}} sort: null for class: class com.foodies.freshmeal.food.entity.FoodEntity in collection: fm_food
2026-08-03 04:02:56 [http-nio-8030-exec-3] INFO  c.f.f.c.config.MongoLoggingListener - 
====================================================
MONGO COMMAND STARTED
COMMAND : find
QUERY   : {"find": "fm_food", "filter": {}, "$db": "test", "lsid": {"id": {"$binary": {"base64": "UiiE2ZBUTmuk+P0Id6h5qg==", "subType": "04"}}}}
====================================================
2026-08-03 04:02:56 [http-nio-8030-exec-3] INFO  c.f.f.c.config.MongoLoggingListener - 
====================================================
MONGO COMMAND SUCCESS
COMMAND  : find
DURATION : 1 ms
====================================================
2026-08-03 04:02:56 [http-nio-8030-exec-3] INFO  c.f.f.i.s.impl.ImageServiceImpl - Food ID: FOOD01_00031, Food Name: Rasgulla, Description: Rasgulla is a popular South Asian dessert made from ball-shaped dumplings of chhena (Indian cottage cheese) and semolina. These soft, spongy dumplings are cooked and soaked in a light, sweet syrup. The name derives from two Hindi/Sanskrit words: ras (juice/syrup) and gulla (ball), Price: 15.0, Category: [DESSERT], Image URL: https://fresh-meal.s3.ap-south-1.amazonaws.com/IMG07_0000038.jpg
2026-08-03 04:02:56 [http-nio-8030-exec-3] INFO  c.f.f.i.s.impl.ImageServiceImpl - Food ID: FOOD01_00032, Food Name: Sawarma Roll, Description: Shawarma is a popular Middle Eastern street food consisting of thinly sliced meat—like chicken, beef, or lamb—stacked onto a vertical rotisserie and slow-roasted. As the cone rotates, crispy outer layers are shaved off and usually wrapped in flatbread with vegetables, pickles, and sauces., Price: 248.99, Category: [Roll], Image URL: https://fresh-meal.s3.ap-south-1.amazonaws.com/IMG07_0000039.jpg
2026-08-03 04:02:56 [http-nio-8030-exec-3] INFO  c.f.f.i.s.impl.ImageServiceImpl - Food ID: FOOD01_00033, Food Name: Gulab Jamun, Description: Gulab jamun is a popular South Asian sweet consisting of deep-fried dough balls made from milk solids, soaked in a fragrant rose-scented sugar syrup. The name translates to "rose water" (gulab) and a dark purple plum (jamun), Price: 20.9, Category: [SIDE_DISH, DESSERT], Image URL: https://fresh-meal.s3.ap-south-1.amazonaws.com/IMG07_0000042.jpg
2026-08-03 04:02:56 [http-nio-8030-exec-3] INFO  c.f.f.i.s.impl.ImageServiceImpl - Food ID: FOOD01_00034, Food Name: Ice cream, Description: Ice cream is a cold, sweet, and creamy frozen dessert made from milk, cream, and sugar. , Price: 249.0, Category: [DESSERT, ICE_CREAM], Image URL: https://fresh-meal.s3.ap-south-1.amazonaws.com/IMG07_0000041.jpg
2026-08-03 04:02:56 [http-nio-8030-exec-3] INFO  c.f.f.i.s.impl.ImageServiceImpl - Food ID: FOOD01_00035, Food Name: Tomato Chuteny, Description: , Price: 2.0, Category: [OTHER], Image URL: https://fresh-meal.s3.ap-south-1.amazonaws.com/IMG07_0000025.png
2026-08-03 04:02:56 [http-nio-8030-exec-3] INFO  c.f.f.i.s.impl.ImageServiceImpl - Food ID: FOOD01_00036, Food Name: Pizza mania, Description: non veg pizza, Price: 137.0, Category: [PIZZA], Image URL: https://fresh-meal.s3.ap-south-1.amazonaws.com/IMG07_0000043.jpg
2026-08-03 04:02:56 [http-nio-8030-exec-3] INFO  c.f.f.i.s.impl.ImageServiceImpl - Food ID: FOOD01_00037, Food Name: buger, Description: , Price: 99.0, Category: [BURGER, MAIN_COURSE], Image URL: https://fresh-meal.s3.ap-south-1.amazonaws.com/IMG07_0000025.png
2026-08-03 04:03:28 [http-nio-8030-exec-8] INFO  c.f.f.common.audit.util.AuditAspect - AUDIT STARTED | RequestId=ebf1b9b2-f3ba-4b8b-8b9c-bb7bbdf62a93 | API=/api/foods/FOOD01_00035/status | HTTP Method=PATCH
2026-08-03 04:03:28 [http-nio-8030-exec-8] ERROR c.f.f.common.audit.util.AuditAspect - Failed to serialize request object.
java.lang.reflect.InaccessibleObjectException: Unable to make field private final byte[] java.lang.String.value accessible: module java.base does not "opens java.lang" to unnamed module @5d3da839
	at java.base/java.lang.reflect.AccessibleObject.throwInaccessibleObjectException(AccessibleObject.java:391)
	at java.base/java.lang.reflect.AccessibleObject.checkCanSetAccessible(AccessibleObject.java:367)
	at java.base/java.lang.reflect.AccessibleObject.checkCanSetAccessible(AccessibleObject.java:315)
	at java.base/java.lang.reflect.Field.checkCanSetAccessible(Field.java:183)
	at java.base/java.lang.reflect.Field.setAccessible(Field.java:177)
	at com.foodies.freshmeal.common.audit.util.AuditMaskingUtil.maskObject(AuditMaskingUtil.java:44)
	at com.foodies.freshmeal.common.audit.util.AuditAspect.buildRequestDocument(AuditAspect.java:398)
	at com.foodies.freshmeal.common.audit.util.AuditAspect.audit(AuditAspect.java:159)
	at java.base/jdk.internal.reflect.DirectMethodHandleAccessor.invoke(DirectMethodHandleAccessor.java:103)
	at java.base/java.lang.reflect.Method.invoke(Method.java:580)
	at org.springframework.aop.aspectj.AbstractAspectJAdvice.invokeAdviceMethodWithGivenArgs(AbstractAspectJAdvice.java:648)
	at org.springframework.aop.aspectj.AbstractAspectJAdvice.invokeAdviceMethod(AbstractAspectJAdvice.java:630)
	at org.springframework.aop.aspectj.AspectJAroundAdvice.invoke(AspectJAroundAdvice.java:70)
	at org.springframework.aop.framework.ReflectiveMethodInvocation.proceed(ReflectiveMethodInvocation.java:168)
	at org.springframework.aop.interceptor.ExposeInvocationInterceptor.invoke(ExposeInvocationInterceptor.java:96)
	at org.springframework.aop.framework.ReflectiveMethodInvocation.proceed(ReflectiveMethodInvocation.java:179)
	at org.springframework.aop.framework.CglibAopProxy$DynamicAdvisedInterceptor.intercept(CglibAopProxy.java:719)
	at com.foodies.freshmeal.food.controller.impl.FoodController$$SpringCGLIB$$0.updateFoodStatus(<generated>)
	at java.base/jdk.internal.reflect.DirectMethodHandleAccessor.invoke(DirectMethodHandleAccessor.java:103)
	at java.base/java.lang.reflect.Method.invoke(Method.java:580)
	at org.springframework.web.method.support.InvocableHandlerMethod.doInvoke(InvocableHandlerMethod.java:252)
	at org.springframework.web.method.support.InvocableHandlerMethod.invokeForRequest(InvocableHandlerMethod.java:184)
	at org.springframework.web.servlet.mvc.method.annotation.ServletInvocableHandlerMethod.invokeAndHandle(ServletInvocableHandlerMethod.java:117)
	at org.springframework.web.servlet.mvc.method.annotation.RequestMappingHandlerAdapter.invokeHandlerMethod(RequestMappingHandlerAdapter.java:934)
	at org.springframework.web.servlet.mvc.method.annotation.RequestMappingHandlerAdapter.handleInternal(RequestMappingHandlerAdapter.java:853)
	at org.springframework.web.servlet.mvc.method.AbstractHandlerMethodAdapter.handle(AbstractHandlerMethodAdapter.java:86)
	at org.springframework.web.servlet.DispatcherServlet.doDispatch(DispatcherServlet.java:963)
	at org.springframework.web.servlet.DispatcherServlet.doService(DispatcherServlet.java:866)
	at org.springframework.web.servlet.FrameworkServlet.processRequest(FrameworkServlet.java:1000)
	at org.springframework.web.servlet.FrameworkServlet.service(FrameworkServlet.java:877)
	at jakarta.servlet.http.HttpServlet.service(HttpServlet.java:710)
	at org.apache.catalina.core.ApplicationFilterChain.doFilter(ApplicationFilterChain.java:128)
	at org.apache.tomcat.websocket.server.WsFilter.doFilter(WsFilter.java:53)
	at org.apache.catalina.core.ApplicationFilterChain.doFilter(ApplicationFilterChain.java:107)
	at org.springframework.web.filter.CompositeFilter$VirtualFilterChain.doFilter(CompositeFilter.java:108)
	at org.springframework.security.web.FilterChainProxy.lambda$doFilterInternal$3(FilterChainProxy.java:235)
	at org.springframework.security.web.FilterChainProxy$VirtualFilterChain.doFilter(FilterChainProxy.java:376)
	at org.springframework.security.web.access.intercept.AuthorizationFilter.doFilter(AuthorizationFilter.java:101)
	at org.springframework.security.web.FilterChainProxy$VirtualFilterChain.doFilter(FilterChainProxy.java:385)
	at org.springframework.security.web.access.ExceptionTranslationFilter.doFilter(ExceptionTranslationFilter.java:126)
	at org.springframework.security.web.access.ExceptionTranslationFilter.doFilter(ExceptionTranslationFilter.java:120)
	at org.springframework.security.web.FilterChainProxy$VirtualFilterChain.doFilter(FilterChainProxy.java:385)
	at org.springframework.security.web.authentication.AnonymousAuthenticationFilter.doFilter(AnonymousAuthenticationFilter.java:100)
	at org.springframework.security.web.FilterChainProxy$VirtualFilterChain.doFilter(FilterChainProxy.java:385)
	at org.springframework.security.web.servletapi.SecurityContextHolderAwareRequestFilter.doFilter(SecurityContextHolderAwareRequestFilter.java:181)
	at org.springframework.security.web.FilterChainProxy$VirtualFilterChain.doFilter(FilterChainProxy.java:385)
	at org.springframework.security.web.savedrequest.RequestCacheAwareFilter.doFilter(RequestCacheAwareFilter.java:63)
	at org.springframework.security.web.FilterChainProxy$VirtualFilterChain.doFilter(FilterChainProxy.java:385)
	at org.springframework.security.web.authentication.www.BasicAuthenticationFilter.doFilterInternal(BasicAuthenticationFilter.java:198)
	at org.springframework.web.filter.OncePerRequestFilter.doFilter(OncePerRequestFilter.java:116)
	at org.springframework.security.web.FilterChainProxy$VirtualFilterChain.doFilter(FilterChainProxy.java:385)
	at org.springframework.security.web.authentication.logout.LogoutFilter.doFilter(LogoutFilter.java:110)
	at org.springframework.security.web.authentication.logout.LogoutFilter.doFilter(LogoutFilter.java:96)
	at org.springframework.security.web.FilterChainProxy$VirtualFilterChain.doFilter(FilterChainProxy.java:385)
	at org.springframework.security.web.header.HeaderWriterFilter.doHeadersAfter(HeaderWriterFilter.java:90)
	at org.springframework.security.web.header.HeaderWriterFilter.doFilterInternal(HeaderWriterFilter.java:75)
	at org.springframework.web.filter.OncePerRequestFilter.doFilter(OncePerRequestFilter.java:116)
	at org.springframework.security.web.FilterChainProxy$VirtualFilterChain.doFilter(FilterChainProxy.java:385)
	at org.springframework.security.web.context.SecurityContextHolderFilter.doFilter(SecurityContextHolderFilter.java:82)
	at org.springframework.security.web.context.SecurityContextHolderFilter.doFilter(SecurityContextHolderFilter.java:69)
	at org.springframework.security.web.FilterChainProxy$VirtualFilterChain.doFilter(FilterChainProxy.java:385)
	at org.springframework.security.web.context.request.async.WebAsyncManagerIntegrationFilter.doFilterInternal(WebAsyncManagerIntegrationFilter.java:62)
	at org.springframework.web.filter.OncePerRequestFilter.doFilter(OncePerRequestFilter.java:116)
	at org.springframework.security.web.FilterChainProxy$VirtualFilterChain.doFilter(FilterChainProxy.java:385)
	at org.springframework.security.web.session.DisableEncodeUrlFilter.doFilterInternal(DisableEncodeUrlFilter.java:42)
	at org.springframework.web.filter.OncePerRequestFilter.doFilter(OncePerRequestFilter.java:116)
	at org.springframework.security.web.FilterChainProxy$VirtualFilterChain.doFilter(FilterChainProxy.java:385)
	at org.springframework.security.web.FilterChainProxy.doFilterInternal(FilterChainProxy.java:237)
	at org.springframework.security.web.FilterChainProxy.doFilter(FilterChainProxy.java:195)
	at org.springframework.web.filter.CompositeFilter$VirtualFilterChain.doFilter(CompositeFilter.java:113)
	at org.springframework.web.filter.ServletRequestPathFilter.doFilter(ServletRequestPathFilter.java:52)
	at org.springframework.web.filter.CompositeFilter$VirtualFilterChain.doFilter(CompositeFilter.java:113)
	at org.springframework.web.filter.CompositeFilter.doFilter(CompositeFilter.java:74)
	at org.springframework.security.config.annotation.web.configuration.WebSecurityConfiguration$CompositeFilterChainProxy.doFilter(WebSecurityConfiguration.java:317)
	at org.springframework.web.filter.DelegatingFilterProxy.invokeDelegate(DelegatingFilterProxy.java:355)
	at org.springframework.web.filter.DelegatingFilterProxy.doFilter(DelegatingFilterProxy.java:272)
	at org.apache.catalina.core.ApplicationFilterChain.doFilter(ApplicationFilterChain.java:107)
	at org.springframework.web.filter.RequestContextFilter.doFilterInternal(RequestContextFilter.java:100)
	at org.springframework.web.filter.OncePerRequestFilter.doFilter(OncePerRequestFilter.java:116)
	at org.apache.catalina.core.ApplicationFilterChain.doFilter(ApplicationFilterChain.java:107)
	at org.springframework.web.filter.FormContentFilter.doFilterInternal(FormContentFilter.java:93)
	at org.springframework.web.filter.OncePerRequestFilter.doFilter(OncePerRequestFilter.java:116)
	at org.apache.catalina.core.ApplicationFilterChain.doFilter(ApplicationFilterChain.java:107)
	at org.springframework.web.filter.CharacterEncodingFilter.doFilterInternal(CharacterEncodingFilter.java:199)
	at org.springframework.web.filter.OncePerRequestFilter.doFilter(OncePerRequestFilter.java:116)
	at org.apache.catalina.core.ApplicationFilterChain.doFilter(ApplicationFilterChain.java:107)
	at org.apache.catalina.core.StandardWrapperValve.invoke(StandardWrapperValve.java:165)
	at org.apache.catalina.core.StandardContextValve.invoke(StandardContextValve.java:77)
	at org.apache.catalina.authenticator.AuthenticatorBase.invoke(AuthenticatorBase.java:492)
	at org.apache.catalina.core.StandardHostValve.invoke(StandardHostValve.java:113)
	at org.apache.catalina.valves.ErrorReportValve.invoke(ErrorReportValve.java:83)
	at org.apache.catalina.core.StandardEngineValve.invoke(StandardEngineValve.java:72)
	at org.apache.catalina.connector.CoyoteAdapter.service(CoyoteAdapter.java:341)
	at org.apache.coyote.http11.Http11Processor.service(Http11Processor.java:397)
	at org.apache.coyote.AbstractProcessorLight.process(AbstractProcessorLight.java:63)
	at org.apache.coyote.AbstractProtocol$ConnectionHandler.process(AbstractProtocol.java:903)
	at org.apache.tomcat.util.net.NioEndpoint$SocketProcessor.doRun(NioEndpoint.java:1801)
	at org.apache.tomcat.util.net.SocketProcessorBase.run(SocketProcessorBase.java:52)
	at org.apache.tomcat.util.threads.ThreadPoolExecutor.runWorker(ThreadPoolExecutor.java:946)
	at org.apache.tomcat.util.threads.ThreadPoolExecutor$Worker.run(ThreadPoolExecutor.java:480)
	at org.apache.tomcat.util.threads.TaskThread$WrappingRunnable.run(TaskThread.java:57)
	at java.base/java.lang.Thread.run(Thread.java:1583)
2026-08-03 04:03:28 [http-nio-8030-exec-8] INFO  c.f.f.common.audit.util.AuditAspect - 
================= REQUEST =================
Timestamp   : 2026-08-03 04:03:28
RequestId   : ebf1b9b2-f3ba-4b8b-8b9c-bb7bbdf62a93
HTTP Method : PATCH
URL         : /api/foods/FOOD01_00035/status
Payload     :
{
  "String" : "Serialization Failed",
  "UpdateFoodStatusRequest" : {
    "status" : {
      "label" : "Out of Stock",
      "value" : "OUT_OF_STOCK"
    }
  }
}
===========================================

2026-08-03 04:03:28 [http-nio-8030-exec-8] DEBUG o.s.data.mongodb.core.MongoTemplate - findOne using query: { "id" : "FOOD01_00035"} fields: Document{{}} for class: class com.foodies.freshmeal.food.entity.FoodEntity in collection: fm_food
2026-08-03 04:03:28 [http-nio-8030-exec-8] INFO  c.f.f.c.config.MongoLoggingListener - 
====================================================
MONGO COMMAND STARTED
COMMAND : find
QUERY   : {"find": "fm_food", "filter": {"_id": "FOOD01_00035"}, "limit": 1, "singleBatch": true, "$db": "test", "lsid": {"id": {"$binary": {"base64": "UiiE2ZBUTmuk+P0Id6h5qg==", "subType": "04"}}}}
====================================================
2026-08-03 04:03:28 [http-nio-8030-exec-8] INFO  c.f.f.c.config.MongoLoggingListener - 
====================================================
MONGO COMMAND SUCCESS
COMMAND  : find
DURATION : 1 ms
====================================================
2026-08-03 04:03:28 [http-nio-8030-exec-8] DEBUG o.s.data.mongodb.core.MongoTemplate - Saving Document containing fields: [_id, imageName, foodName, description, price, foodCategories, imageUrl, dietCategory, cuisineType, categoryGroups, status, statusUpdatedAt, statusUpdatedBy, food_availability, createdAt, createdBy, updatedAt, updatedBy, deletedFlag, recordStatus, _class]
2026-08-03 04:03:28 [http-nio-8030-exec-8] INFO  c.f.f.c.config.MongoLoggingListener - 
====================================================
MONGO COMMAND STARTED
COMMAND : update
QUERY   : {"update": "fm_food", "ordered": true, "$db": "test", "lsid": {"id": {"$binary": {"base64": "UiiE2ZBUTmuk+P0Id6h5qg==", "subType": "04"}}}, "updates": [{"q": {"_id": "FOOD01_00035"}, "u": {"_id": "FOOD01_00035", "imageName": "food-placeholder.png", "foodName": "Tomato Chuteny", "description": "", "price": 2.0, "foodCategories": ["OTHER"], "imageUrl": "https://fresh-meal.s3.ap-south-1.amazonaws.com/IMG07_0000025.png", "dietCategory": "VEG", "cuisineType": "CONTINENTAL", "categoryGroups": ["OTHER"], "status": "OUT_OF_STOCK", "statusUpdatedAt": {"$date": "2026-08-02T22:33:28.575Z"}, "statusUpdatedBy": "ADMIN", "food_availability": true, "createdAt": {"$date": "2026-07-24T21:23:47.97Z"}, "createdBy": "Admin", "updatedAt": {"$date": "2026-08-02T22:33:28.575Z"}, "updatedBy": "ADMIN", "deletedFlag": false, "recordStatus": "ACTIVE", "_class": "com.foodies.freshmeal.food.entity.FoodEntity"}, "upsert": true}]}
====================================================
2026-08-03 04:03:28 [http-nio-8030-exec-8] INFO  c.f.f.c.config.MongoLoggingListener - 
====================================================
MONGO COMMAND SUCCESS
COMMAND  : update
DURATION : 4 ms
====================================================
2026-08-03 04:03:28 [http-nio-8030-exec-8] INFO  c.f.f.common.audit.util.AuditAspect - 
================= RESPONSE =================
RequestId    : ebf1b9b2-f3ba-4b8b-8b9c-bb7bbdf62a93
Status       : 200
Duration(ms) : 20
Payload      :
{
  "success" : true,
  "httpStatusCode" : 200,
  "httpStatusMessage" : "OK",
  "message" : "Food status updated successfully.",
  "errors" : null,
  "data" : {
    "id" : "FOOD01_00035",
    "imageName" : "food-placeholder.png",
    "foodName" : "Tomato Chuteny",
    "description" : "",
    "price" : 2.0,
    "imageUrl" : "https://fresh-meal.s3.ap-south-1.amazonaws.com/IMG07_0000025.png",
    "foodCategories" : [ {
      "label" : "Other",
      "value" : "OTHER"
    } ],
    "dietCategory" : {
      "label" : "Veg",
      "value" : "VEG"
    },
    "cuisineType" : {
      "label" : "Continental",
      "value" : "CONTINENTAL"
    },
    "categoryGroups" : [ {
      "label" : "Other",
      "value" : "OTHER"
    } ],
    "foodStatus" : {
      "label" : "Out of Stock",
      "value" : "OUT_OF_STOCK"
    },
    "allowedStatuses" : [ {
      "label" : "Available",
      "value" : "AVAILABLE"
    }, {
      "label" : "Disabled",
      "value" : "DISABLED"
    } ],
    "previousStatus" : "Available",
    "updatedAt" : "2026-08-03T04:03:28.575539",
    "updatedBy" : "ADMIN",
    "createdBy" : null,
    "createdAt" : null,
    "available" : false
  }
}
===========================================

2026-08-03 04:03:28 [http-nio-8030-exec-8] INFO  c.f.f.common.audit.util.AuditAspect - AUDIT SUCCESS | RequestId=ebf1b9b2-f3ba-4b8b-8b9c-bb7bbdf62a93 | Duration=20 ms
2026-08-03 04:03:28 [task-35] DEBUG o.s.data.mongodb.core.MongoTemplate - Inserting Document containing fields: [api, requestUrl, requestBody, responseBody, responseStatus, responseMessage, executionTimeMs, requestId, ipAddress, createdAt, module, method, action, requestMethod, _class] in collection: fm_api_audit_logs
2026-08-03 04:03:28 [task-35] INFO  c.f.f.c.config.MongoLoggingListener - 
====================================================
MONGO COMMAND STARTED
COMMAND : insert
QUERY   : {"insert": "fm_api_audit_logs", "ordered": true, "$db": "test", "lsid": {"id": {"$binary": {"base64": "UiiE2ZBUTmuk+P0Id6h5qg==", "subType": "04"}}}, "documents": [{"_id": {"$oid": "6a6fc5b83dce9fb5e778e97e"}, "api": "/api/foods/FOOD01_00035/status", "requestUrl": "http://localhost:8030/api/foods/FOOD01_00035/status", "requestBody": {"String": "Serialization Failed", "UpdateFoodStatusRequest": {"status": {"label": "Out of Stock", "value": "OUT_OF_STOCK"}}}, "responseBody": {"success": true, "httpStatusCode": 200, "httpStatusMessage": "OK", "message": "Food status updated successfully.", "errors": null, "data": {"id": "FOOD01_00035", "imageName": "food-placeholder.png", "foodName": "Tomato Chuteny", "description": "", "price": 2.0, "imageUrl": "https://fresh-meal.s3.ap-south-1.amazonaws.com/IMG07_0000025.png", "foodCategories": [{"label": "Other", "value": "OTHER"}], "dietCategory": {"label": "Veg", "value": "VEG"}, "cuisineType": {"label": "Continental", "value": "CONTINENTAL"}, "categoryGroups": [{"label": "Other", "value": "OTHER"}], "foodStatus": {"label": "Out of Stock", "value": "OUT_OF_STOCK"}, "allowedStatuses": [{"label": "Available", "value": "AVAILABLE"}, {"label": "Disabled", "value": "DISABLED"}], "previousStatus": "Available", "updatedAt": "2026-08-03T04:03:28.575539", "updatedBy": "ADMIN", "createdBy": null, "createdAt": null, "available": false}}, "responseStatus": 200, "responseMessage": "OK", "executionTimeMs": 20, "requestId": "ebf1b9b2-f3ba-4b8b-8b9c-bb7bbdf62a93", "ipAddress": "0:0:0:0:0:0:0:1", "createdAt": {"$date": "2026-08-02T22:33:28.563Z"}, "module": "FOOD", "method": "API", "action": "UPDATE", "requestMethod": "PATCH", "_class": "com.foodies.freshmeal.common.audit.entity.impl.AuditLog"}]}
====================================================
2026-08-03 04:03:28 [task-35] INFO  c.f.f.c.config.MongoLoggingListener - 
====================================================
MONGO COMMAND SUCCESS
COMMAND  : insert
DURATION : 2 ms
====================================================
2026-08-03 04:03:37 [http-nio-8030-exec-9] INFO  c.f.f.common.audit.util.AuditAspect - AUDIT STARTED | RequestId=f63281a4-7f2a-463b-88db-7800743e1d03 | API=/api/foods/FOOD01_00035/status | HTTP Method=PATCH
2026-08-03 04:03:37 [http-nio-8030-exec-9] ERROR c.f.f.common.audit.util.AuditAspect - Failed to serialize request object.
java.lang.reflect.InaccessibleObjectException: Unable to make field private final byte[] java.lang.String.value accessible: module java.base does not "opens java.lang" to unnamed module @5d3da839
	at java.base/java.lang.reflect.AccessibleObject.throwInaccessibleObjectException(AccessibleObject.java:391)
	at java.base/java.lang.reflect.AccessibleObject.checkCanSetAccessible(AccessibleObject.java:367)
	at java.base/java.lang.reflect.AccessibleObject.checkCanSetAccessible(AccessibleObject.java:315)
	at java.base/java.lang.reflect.Field.checkCanSetAccessible(Field.java:183)
	at java.base/java.lang.reflect.Field.setAccessible(Field.java:177)
	at com.foodies.freshmeal.common.audit.util.AuditMaskingUtil.maskObject(AuditMaskingUtil.java:44)
	at com.foodies.freshmeal.common.audit.util.AuditAspect.buildRequestDocument(AuditAspect.java:398)
	at com.foodies.freshmeal.common.audit.util.AuditAspect.audit(AuditAspect.java:159)
	at java.base/jdk.internal.reflect.DirectMethodHandleAccessor.invoke(DirectMethodHandleAccessor.java:103)
	at java.base/java.lang.reflect.Method.invoke(Method.java:580)
	at org.springframework.aop.aspectj.AbstractAspectJAdvice.invokeAdviceMethodWithGivenArgs(AbstractAspectJAdvice.java:648)
	at org.springframework.aop.aspectj.AbstractAspectJAdvice.invokeAdviceMethod(AbstractAspectJAdvice.java:630)
	at org.springframework.aop.aspectj.AspectJAroundAdvice.invoke(AspectJAroundAdvice.java:70)
	at org.springframework.aop.framework.ReflectiveMethodInvocation.proceed(ReflectiveMethodInvocation.java:168)
	at org.springframework.aop.interceptor.ExposeInvocationInterceptor.invoke(ExposeInvocationInterceptor.java:96)
	at org.springframework.aop.framework.ReflectiveMethodInvocation.proceed(ReflectiveMethodInvocation.java:179)
	at org.springframework.aop.framework.CglibAopProxy$DynamicAdvisedInterceptor.intercept(CglibAopProxy.java:719)
	at com.foodies.freshmeal.food.controller.impl.FoodController$$SpringCGLIB$$0.updateFoodStatus(<generated>)
	at java.base/jdk.internal.reflect.DirectMethodHandleAccessor.invoke(DirectMethodHandleAccessor.java:103)
	at java.base/java.lang.reflect.Method.invoke(Method.java:580)
	at org.springframework.web.method.support.InvocableHandlerMethod.doInvoke(InvocableHandlerMethod.java:252)
	at org.springframework.web.method.support.InvocableHandlerMethod.invokeForRequest(InvocableHandlerMethod.java:184)
	at org.springframework.web.servlet.mvc.method.annotation.ServletInvocableHandlerMethod.invokeAndHandle(ServletInvocableHandlerMethod.java:117)
	at org.springframework.web.servlet.mvc.method.annotation.RequestMappingHandlerAdapter.invokeHandlerMethod(RequestMappingHandlerAdapter.java:934)
	at org.springframework.web.servlet.mvc.method.annotation.RequestMappingHandlerAdapter.handleInternal(RequestMappingHandlerAdapter.java:853)
	at org.springframework.web.servlet.mvc.method.AbstractHandlerMethodAdapter.handle(AbstractHandlerMethodAdapter.java:86)
	at org.springframework.web.servlet.DispatcherServlet.doDispatch(DispatcherServlet.java:963)
	at org.springframework.web.servlet.DispatcherServlet.doService(DispatcherServlet.java:866)
	at org.springframework.web.servlet.FrameworkServlet.processRequest(FrameworkServlet.java:1000)
	at org.springframework.web.servlet.FrameworkServlet.service(FrameworkServlet.java:877)
	at jakarta.servlet.http.HttpServlet.service(HttpServlet.java:710)
	at org.apache.catalina.core.ApplicationFilterChain.doFilter(ApplicationFilterChain.java:128)
	at org.apache.tomcat.websocket.server.WsFilter.doFilter(WsFilter.java:53)
	at org.apache.catalina.core.ApplicationFilterChain.doFilter(ApplicationFilterChain.java:107)
	at org.springframework.web.filter.CompositeFilter$VirtualFilterChain.doFilter(CompositeFilter.java:108)
	at org.springframework.security.web.FilterChainProxy.lambda$doFilterInternal$3(FilterChainProxy.java:235)
	at org.springframework.security.web.FilterChainProxy$VirtualFilterChain.doFilter(FilterChainProxy.java:376)
	at org.springframework.security.web.access.intercept.AuthorizationFilter.doFilter(AuthorizationFilter.java:101)
	at org.springframework.security.web.FilterChainProxy$VirtualFilterChain.doFilter(FilterChainProxy.java:385)
	at org.springframework.security.web.access.ExceptionTranslationFilter.doFilter(ExceptionTranslationFilter.java:126)
	at org.springframework.security.web.access.ExceptionTranslationFilter.doFilter(ExceptionTranslationFilter.java:120)
	at org.springframework.security.web.FilterChainProxy$VirtualFilterChain.doFilter(FilterChainProxy.java:385)
	at org.springframework.security.web.authentication.AnonymousAuthenticationFilter.doFilter(AnonymousAuthenticationFilter.java:100)
	at org.springframework.security.web.FilterChainProxy$VirtualFilterChain.doFilter(FilterChainProxy.java:385)
	at org.springframework.security.web.servletapi.SecurityContextHolderAwareRequestFilter.doFilter(SecurityContextHolderAwareRequestFilter.java:181)
	at org.springframework.security.web.FilterChainProxy$VirtualFilterChain.doFilter(FilterChainProxy.java:385)
	at org.springframework.security.web.savedrequest.RequestCacheAwareFilter.doFilter(RequestCacheAwareFilter.java:63)
	at org.springframework.security.web.FilterChainProxy$VirtualFilterChain.doFilter(FilterChainProxy.java:385)
	at org.springframework.security.web.authentication.www.BasicAuthenticationFilter.doFilterInternal(BasicAuthenticationFilter.java:198)
	at org.springframework.web.filter.OncePerRequestFilter.doFilter(OncePerRequestFilter.java:116)
	at org.springframework.security.web.FilterChainProxy$VirtualFilterChain.doFilter(FilterChainProxy.java:385)
	at org.springframework.security.web.authentication.logout.LogoutFilter.doFilter(LogoutFilter.java:110)
	at org.springframework.security.web.authentication.logout.LogoutFilter.doFilter(LogoutFilter.java:96)
	at org.springframework.security.web.FilterChainProxy$VirtualFilterChain.doFilter(FilterChainProxy.java:385)
	at org.springframework.security.web.header.HeaderWriterFilter.doHeadersAfter(HeaderWriterFilter.java:90)
	at org.springframework.security.web.header.HeaderWriterFilter.doFilterInternal(HeaderWriterFilter.java:75)
	at org.springframework.web.filter.OncePerRequestFilter.doFilter(OncePerRequestFilter.java:116)
	at org.springframework.security.web.FilterChainProxy$VirtualFilterChain.doFilter(FilterChainProxy.java:385)
	at org.springframework.security.web.context.SecurityContextHolderFilter.doFilter(SecurityContextHolderFilter.java:82)
	at org.springframework.security.web.context.SecurityContextHolderFilter.doFilter(SecurityContextHolderFilter.java:69)
	at org.springframework.security.web.FilterChainProxy$VirtualFilterChain.doFilter(FilterChainProxy.java:385)
	at org.springframework.security.web.context.request.async.WebAsyncManagerIntegrationFilter.doFilterInternal(WebAsyncManagerIntegrationFilter.java:62)
	at org.springframework.web.filter.OncePerRequestFilter.doFilter(OncePerRequestFilter.java:116)
	at org.springframework.security.web.FilterChainProxy$VirtualFilterChain.doFilter(FilterChainProxy.java:385)
	at org.springframework.security.web.session.DisableEncodeUrlFilter.doFilterInternal(DisableEncodeUrlFilter.java:42)
	at org.springframework.web.filter.OncePerRequestFilter.doFilter(OncePerRequestFilter.java:116)
	at org.springframework.security.web.FilterChainProxy$VirtualFilterChain.doFilter(FilterChainProxy.java:385)
	at org.springframework.security.web.FilterChainProxy.doFilterInternal(FilterChainProxy.java:237)
	at org.springframework.security.web.FilterChainProxy.doFilter(FilterChainProxy.java:195)
	at org.springframework.web.filter.CompositeFilter$VirtualFilterChain.doFilter(CompositeFilter.java:113)
	at org.springframework.web.filter.ServletRequestPathFilter.doFilter(ServletRequestPathFilter.java:52)
	at org.springframework.web.filter.CompositeFilter$VirtualFilterChain.doFilter(CompositeFilter.java:113)
	at org.springframework.web.filter.CompositeFilter.doFilter(CompositeFilter.java:74)
	at org.springframework.security.config.annotation.web.configuration.WebSecurityConfiguration$CompositeFilterChainProxy.doFilter(WebSecurityConfiguration.java:317)
	at org.springframework.web.filter.DelegatingFilterProxy.invokeDelegate(DelegatingFilterProxy.java:355)
	at org.springframework.web.filter.DelegatingFilterProxy.doFilter(DelegatingFilterProxy.java:272)
	at org.apache.catalina.core.ApplicationFilterChain.doFilter(ApplicationFilterChain.java:107)
	at org.springframework.web.filter.RequestContextFilter.doFilterInternal(RequestContextFilter.java:100)
	at org.springframework.web.filter.OncePerRequestFilter.doFilter(OncePerRequestFilter.java:116)
	at org.apache.catalina.core.ApplicationFilterChain.doFilter(ApplicationFilterChain.java:107)
	at org.springframework.web.filter.FormContentFilter.doFilterInternal(FormContentFilter.java:93)
	at org.springframework.web.filter.OncePerRequestFilter.doFilter(OncePerRequestFilter.java:116)
	at org.apache.catalina.core.ApplicationFilterChain.doFilter(ApplicationFilterChain.java:107)
	at org.springframework.web.filter.CharacterEncodingFilter.doFilterInternal(CharacterEncodingFilter.java:199)
	at org.springframework.web.filter.OncePerRequestFilter.doFilter(OncePerRequestFilter.java:116)
	at org.apache.catalina.core.ApplicationFilterChain.doFilter(ApplicationFilterChain.java:107)
	at org.apache.catalina.core.StandardWrapperValve.invoke(StandardWrapperValve.java:165)
	at org.apache.catalina.core.StandardContextValve.invoke(StandardContextValve.java:77)
	at org.apache.catalina.authenticator.AuthenticatorBase.invoke(AuthenticatorBase.java:492)
	at org.apache.catalina.core.StandardHostValve.invoke(StandardHostValve.java:113)
	at org.apache.catalina.valves.ErrorReportValve.invoke(ErrorReportValve.java:83)
	at org.apache.catalina.core.StandardEngineValve.invoke(StandardEngineValve.java:72)
	at org.apache.catalina.connector.CoyoteAdapter.service(CoyoteAdapter.java:341)
	at org.apache.coyote.http11.Http11Processor.service(Http11Processor.java:397)
	at org.apache.coyote.AbstractProcessorLight.process(AbstractProcessorLight.java:63)
	at org.apache.coyote.AbstractProtocol$ConnectionHandler.process(AbstractProtocol.java:903)
	at org.apache.tomcat.util.net.NioEndpoint$SocketProcessor.doRun(NioEndpoint.java:1801)
	at org.apache.tomcat.util.net.SocketProcessorBase.run(SocketProcessorBase.java:52)
	at org.apache.tomcat.util.threads.ThreadPoolExecutor.runWorker(ThreadPoolExecutor.java:946)
	at org.apache.tomcat.util.threads.ThreadPoolExecutor$Worker.run(ThreadPoolExecutor.java:480)
	at org.apache.tomcat.util.threads.TaskThread$WrappingRunnable.run(TaskThread.java:57)
	at java.base/java.lang.Thread.run(Thread.java:1583)
2026-08-03 04:03:37 [http-nio-8030-exec-9] INFO  c.f.f.common.audit.util.AuditAspect - 
================= REQUEST =================
Timestamp   : 2026-08-03 04:03:37
RequestId   : f63281a4-7f2a-463b-88db-7800743e1d03
HTTP Method : PATCH
URL         : /api/foods/FOOD01_00035/status
Payload     :
{
  "String" : "Serialization Failed",
  "UpdateFoodStatusRequest" : {
    "status" : {
      "label" : "Available",
      "value" : "AVAILABLE"
    }
  }
}
===========================================

2026-08-03 04:03:37 [http-nio-8030-exec-9] DEBUG o.s.data.mongodb.core.MongoTemplate - findOne using query: { "id" : "FOOD01_00035"} fields: Document{{}} for class: class com.foodies.freshmeal.food.entity.FoodEntity in collection: fm_food
2026-08-03 04:03:37 [http-nio-8030-exec-9] INFO  c.f.f.c.config.MongoLoggingListener - 
====================================================
MONGO COMMAND STARTED
COMMAND : find
QUERY   : {"find": "fm_food", "filter": {"_id": "FOOD01_00035"}, "limit": 1, "singleBatch": true, "$db": "test", "lsid": {"id": {"$binary": {"base64": "UiiE2ZBUTmuk+P0Id6h5qg==", "subType": "04"}}}}
====================================================
2026-08-03 04:03:37 [http-nio-8030-exec-9] INFO  c.f.f.c.config.MongoLoggingListener - 
====================================================
MONGO COMMAND SUCCESS
COMMAND  : find
DURATION : 2 ms
====================================================
2026-08-03 04:03:37 [http-nio-8030-exec-9] DEBUG o.s.data.mongodb.core.MongoTemplate - Saving Document containing fields: [_id, imageName, foodName, description, price, foodCategories, imageUrl, dietCategory, cuisineType, categoryGroups, status, statusUpdatedAt, statusUpdatedBy, food_availability, createdAt, createdBy, updatedAt, updatedBy, deletedFlag, recordStatus, _class]
2026-08-03 04:03:37 [http-nio-8030-exec-9] INFO  c.f.f.c.config.MongoLoggingListener - 
====================================================
MONGO COMMAND STARTED
COMMAND : update
QUERY   : {"update": "fm_food", "ordered": true, "$db": "test", "lsid": {"id": {"$binary": {"base64": "UiiE2ZBUTmuk+P0Id6h5qg==", "subType": "04"}}}, "updates": [{"q": {"_id": "FOOD01_00035"}, "u": {"_id": "FOOD01_00035", "imageName": "food-placeholder.png", "foodName": "Tomato Chuteny", "description": "", "price": 2.0, "foodCategories": ["OTHER"], "imageUrl": "https://fresh-meal.s3.ap-south-1.amazonaws.com/IMG07_0000025.png", "dietCategory": "VEG", "cuisineType": "CONTINENTAL", "categoryGroups": ["OTHER"], "status": "AVAILABLE", "statusUpdatedAt": {"$date": "2026-08-02T22:33:37.551Z"}, "statusUpdatedBy": "ADMIN", "food_availability": true, "createdAt": {"$date": "2026-07-24T21:23:47.97Z"}, "createdBy": "Admin", "updatedAt": {"$date": "2026-08-02T22:33:37.551Z"}, "updatedBy": "ADMIN", "deletedFlag": false, "recordStatus": "ACTIVE", "_class": "com.foodies.freshmeal.food.entity.FoodEntity"}, "upsert": true}]}
====================================================
2026-08-03 04:03:37 [http-nio-8030-exec-9] INFO  c.f.f.c.config.MongoLoggingListener - 
====================================================
MONGO COMMAND SUCCESS
COMMAND  : update
DURATION : 1 ms
====================================================
2026-08-03 04:03:37 [http-nio-8030-exec-9] INFO  c.f.f.common.audit.util.AuditAspect - 
================= RESPONSE =================
RequestId    : f63281a4-7f2a-463b-88db-7800743e1d03
Status       : 200
Duration(ms) : 20
Payload      :
{
  "success" : true,
  "httpStatusCode" : 200,
  "httpStatusMessage" : "OK",
  "message" : "Food status updated successfully.",
  "errors" : null,
  "data" : {
    "id" : "FOOD01_00035",
    "imageName" : "food-placeholder.png",
    "foodName" : "Tomato Chuteny",
    "description" : "",
    "price" : 2.0,
    "imageUrl" : "https://fresh-meal.s3.ap-south-1.amazonaws.com/IMG07_0000025.png",
    "foodCategories" : [ {
      "label" : "Other",
      "value" : "OTHER"
    } ],
    "dietCategory" : {
      "label" : "Veg",
      "value" : "VEG"
    },
    "cuisineType" : {
      "label" : "Continental",
      "value" : "CONTINENTAL"
    },
    "categoryGroups" : [ {
      "label" : "Other",
      "value" : "OTHER"
    } ],
    "foodStatus" : {
      "label" : "Available",
      "value" : "AVAILABLE"
    },
    "allowedStatuses" : [ {
      "label" : "Out of Stock",
      "value" : "OUT_OF_STOCK"
    }, {
      "label" : "Discontinued",
      "value" : "DISCONTINUED"
    }, {
      "label" : "Disabled",
      "value" : "DISABLED"
    } ],
    "previousStatus" : "Out of Stock",
    "updatedAt" : "2026-08-03T04:03:37.551204600",
    "updatedBy" : "ADMIN",
    "createdBy" : null,
    "createdAt" : null,
    "available" : true
  }
}
===========================================

2026-08-03 04:03:37 [http-nio-8030-exec-9] INFO  c.f.f.common.audit.util.AuditAspect - AUDIT SUCCESS | RequestId=f63281a4-7f2a-463b-88db-7800743e1d03 | Duration=20 ms
2026-08-03 04:03:37 [task-36] DEBUG o.s.data.mongodb.core.MongoTemplate - Inserting Document containing fields: [api, requestUrl, requestBody, responseBody, responseStatus, responseMessage, executionTimeMs, requestId, ipAddress, createdAt, module, method, action, requestMethod, _class] in collection: fm_api_audit_logs
2026-08-03 04:03:37 [task-36] INFO  c.f.f.c.config.MongoLoggingListener - 
====================================================
MONGO COMMAND STARTED
COMMAND : insert
QUERY   : {"insert": "fm_api_audit_logs", "ordered": true, "$db": "test", "lsid": {"id": {"$binary": {"base64": "UiiE2ZBUTmuk+P0Id6h5qg==", "subType": "04"}}}, "documents": [{"_id": {"$oid": "6a6fc5c13dce9fb5e778e97f"}, "api": "/api/foods/FOOD01_00035/status", "requestUrl": "http://localhost:8030/api/foods/FOOD01_00035/status", "requestBody": {"String": "Serialization Failed", "UpdateFoodStatusRequest": {"status": {"label": "Available", "value": "AVAILABLE"}}}, "responseBody": {"success": true, "httpStatusCode": 200, "httpStatusMessage": "OK", "message": "Food status updated successfully.", "errors": null, "data": {"id": "FOOD01_00035", "imageName": "food-placeholder.png", "foodName": "Tomato Chuteny", "description": "", "price": 2.0, "imageUrl": "https://fresh-meal.s3.ap-south-1.amazonaws.com/IMG07_0000025.png", "foodCategories": [{"label": "Other", "value": "OTHER"}], "dietCategory": {"label": "Veg", "value": "VEG"}, "cuisineType": {"label": "Continental", "value": "CONTINENTAL"}, "categoryGroups": [{"label": "Other", "value": "OTHER"}], "foodStatus": {"label": "Available", "value": "AVAILABLE"}, "allowedStatuses": [{"label": "Out of Stock", "value": "OUT_OF_STOCK"}, {"label": "Discontinued", "value": "DISCONTINUED"}, {"label": "Disabled", "value": "DISABLED"}], "previousStatus": "Out of Stock", "updatedAt": "2026-08-03T04:03:37.551204600", "updatedBy": "ADMIN", "createdBy": null, "createdAt": null, "available": true}}, "responseStatus": 200, "responseMessage": "OK", "executionTimeMs": 20, "requestId": "f63281a4-7f2a-463b-88db-7800743e1d03", "ipAddress": "0:0:0:0:0:0:0:1", "createdAt": {"$date": "2026-08-02T22:33:37.536Z"}, "module": "FOOD", "method": "API", "action": "UPDATE", "requestMethod": "PATCH", "_class": "com.foodies.freshmeal.common.audit.entity.impl.AuditLog"}]}
====================================================
2026-08-03 04:03:37 [task-36] INFO  c.f.f.c.config.MongoLoggingListener - 
====================================================
MONGO COMMAND SUCCESS
COMMAND  : insert
DURATION : 6 ms
====================================================
2026-08-03 04:03:54 [http-nio-8030-exec-4] INFO  c.f.f.common.audit.util.AuditAspect - AUDIT STARTED | RequestId=68173480-2fe0-4270-b18a-76b5a3316c55 | API=/api/foods/FOOD01_00035/status | HTTP Method=PATCH
2026-08-03 04:03:54 [http-nio-8030-exec-4] ERROR c.f.f.common.audit.util.AuditAspect - Failed to serialize request object.
java.lang.reflect.InaccessibleObjectException: Unable to make field private final byte[] java.lang.String.value accessible: module java.base does not "opens java.lang" to unnamed module @5d3da839
	at java.base/java.lang.reflect.AccessibleObject.throwInaccessibleObjectException(AccessibleObject.java:391)
	at java.base/java.lang.reflect.AccessibleObject.checkCanSetAccessible(AccessibleObject.java:367)
	at java.base/java.lang.reflect.AccessibleObject.checkCanSetAccessible(AccessibleObject.java:315)
	at java.base/java.lang.reflect.Field.checkCanSetAccessible(Field.java:183)
	at java.base/java.lang.reflect.Field.setAccessible(Field.java:177)
	at com.foodies.freshmeal.common.audit.util.AuditMaskingUtil.maskObject(AuditMaskingUtil.java:44)
	at com.foodies.freshmeal.common.audit.util.AuditAspect.buildRequestDocument(AuditAspect.java:398)
	at com.foodies.freshmeal.common.audit.util.AuditAspect.audit(AuditAspect.java:159)
	at java.base/jdk.internal.reflect.DirectMethodHandleAccessor.invoke(DirectMethodHandleAccessor.java:103)
	at java.base/java.lang.reflect.Method.invoke(Method.java:580)
	at org.springframework.aop.aspectj.AbstractAspectJAdvice.invokeAdviceMethodWithGivenArgs(AbstractAspectJAdvice.java:648)
	at org.springframework.aop.aspectj.AbstractAspectJAdvice.invokeAdviceMethod(AbstractAspectJAdvice.java:630)
	at org.springframework.aop.aspectj.AspectJAroundAdvice.invoke(AspectJAroundAdvice.java:70)
	at org.springframework.aop.framework.ReflectiveMethodInvocation.proceed(ReflectiveMethodInvocation.java:168)
	at org.springframework.aop.interceptor.ExposeInvocationInterceptor.invoke(ExposeInvocationInterceptor.java:96)
	at org.springframework.aop.framework.ReflectiveMethodInvocation.proceed(ReflectiveMethodInvocation.java:179)
	at org.springframework.aop.framework.CglibAopProxy$DynamicAdvisedInterceptor.intercept(CglibAopProxy.java:719)
	at com.foodies.freshmeal.food.controller.impl.FoodController$$SpringCGLIB$$0.updateFoodStatus(<generated>)
	at java.base/jdk.internal.reflect.DirectMethodHandleAccessor.invoke(DirectMethodHandleAccessor.java:103)
	at java.base/java.lang.reflect.Method.invoke(Method.java:580)
	at org.springframework.web.method.support.InvocableHandlerMethod.doInvoke(InvocableHandlerMethod.java:252)
	at org.springframework.web.method.support.InvocableHandlerMethod.invokeForRequest(InvocableHandlerMethod.java:184)
	at org.springframework.web.servlet.mvc.method.annotation.ServletInvocableHandlerMethod.invokeAndHandle(ServletInvocableHandlerMethod.java:117)
	at org.springframework.web.servlet.mvc.method.annotation.RequestMappingHandlerAdapter.invokeHandlerMethod(RequestMappingHandlerAdapter.java:934)
	at org.springframework.web.servlet.mvc.method.annotation.RequestMappingHandlerAdapter.handleInternal(RequestMappingHandlerAdapter.java:853)
	at org.springframework.web.servlet.mvc.method.AbstractHandlerMethodAdapter.handle(AbstractHandlerMethodAdapter.java:86)
	at org.springframework.web.servlet.DispatcherServlet.doDispatch(DispatcherServlet.java:963)
	at org.springframework.web.servlet.DispatcherServlet.doService(DispatcherServlet.java:866)
	at org.springframework.web.servlet.FrameworkServlet.processRequest(FrameworkServlet.java:1000)
	at org.springframework.web.servlet.FrameworkServlet.service(FrameworkServlet.java:877)
	at jakarta.servlet.http.HttpServlet.service(HttpServlet.java:710)
	at org.apache.catalina.core.ApplicationFilterChain.doFilter(ApplicationFilterChain.java:128)
	at org.apache.tomcat.websocket.server.WsFilter.doFilter(WsFilter.java:53)
	at org.apache.catalina.core.ApplicationFilterChain.doFilter(ApplicationFilterChain.java:107)
	at org.springframework.web.filter.CompositeFilter$VirtualFilterChain.doFilter(CompositeFilter.java:108)
	at org.springframework.security.web.FilterChainProxy.lambda$doFilterInternal$3(FilterChainProxy.java:235)
	at org.springframework.security.web.FilterChainProxy$VirtualFilterChain.doFilter(FilterChainProxy.java:376)
	at org.springframework.security.web.access.intercept.AuthorizationFilter.doFilter(AuthorizationFilter.java:101)
	at org.springframework.security.web.FilterChainProxy$VirtualFilterChain.doFilter(FilterChainProxy.java:385)
	at org.springframework.security.web.access.ExceptionTranslationFilter.doFilter(ExceptionTranslationFilter.java:126)
	at org.springframework.security.web.access.ExceptionTranslationFilter.doFilter(ExceptionTranslationFilter.java:120)
	at org.springframework.security.web.FilterChainProxy$VirtualFilterChain.doFilter(FilterChainProxy.java:385)
	at org.springframework.security.web.authentication.AnonymousAuthenticationFilter.doFilter(AnonymousAuthenticationFilter.java:100)
	at org.springframework.security.web.FilterChainProxy$VirtualFilterChain.doFilter(FilterChainProxy.java:385)
	at org.springframework.security.web.servletapi.SecurityContextHolderAwareRequestFilter.doFilter(SecurityContextHolderAwareRequestFilter.java:181)
	at org.springframework.security.web.FilterChainProxy$VirtualFilterChain.doFilter(FilterChainProxy.java:385)
	at org.springframework.security.web.savedrequest.RequestCacheAwareFilter.doFilter(RequestCacheAwareFilter.java:63)
	at org.springframework.security.web.FilterChainProxy$VirtualFilterChain.doFilter(FilterChainProxy.java:385)
	at org.springframework.security.web.authentication.www.BasicAuthenticationFilter.doFilterInternal(BasicAuthenticationFilter.java:198)
	at org.springframework.web.filter.OncePerRequestFilter.doFilter(OncePerRequestFilter.java:116)
	at org.springframework.security.web.FilterChainProxy$VirtualFilterChain.doFilter(FilterChainProxy.java:385)
	at org.springframework.security.web.authentication.logout.LogoutFilter.doFilter(LogoutFilter.java:110)
	at org.springframework.security.web.authentication.logout.LogoutFilter.doFilter(LogoutFilter.java:96)
	at org.springframework.security.web.FilterChainProxy$VirtualFilterChain.doFilter(FilterChainProxy.java:385)
	at org.springframework.security.web.header.HeaderWriterFilter.doHeadersAfter(HeaderWriterFilter.java:90)
	at org.springframework.security.web.header.HeaderWriterFilter.doFilterInternal(HeaderWriterFilter.java:75)
	at org.springframework.web.filter.OncePerRequestFilter.doFilter(OncePerRequestFilter.java:116)
	at org.springframework.security.web.FilterChainProxy$VirtualFilterChain.doFilter(FilterChainProxy.java:385)
	at org.springframework.security.web.context.SecurityContextHolderFilter.doFilter(SecurityContextHolderFilter.java:82)
	at org.springframework.security.web.context.SecurityContextHolderFilter.doFilter(SecurityContextHolderFilter.java:69)
	at org.springframework.security.web.FilterChainProxy$VirtualFilterChain.doFilter(FilterChainProxy.java:385)
	at org.springframework.security.web.context.request.async.WebAsyncManagerIntegrationFilter.doFilterInternal(WebAsyncManagerIntegrationFilter.java:62)
	at org.springframework.web.filter.OncePerRequestFilter.doFilter(OncePerRequestFilter.java:116)
	at org.springframework.security.web.FilterChainProxy$VirtualFilterChain.doFilter(FilterChainProxy.java:385)
	at org.springframework.security.web.session.DisableEncodeUrlFilter.doFilterInternal(DisableEncodeUrlFilter.java:42)
	at org.springframework.web.filter.OncePerRequestFilter.doFilter(OncePerRequestFilter.java:116)
	at org.springframework.security.web.FilterChainProxy$VirtualFilterChain.doFilter(FilterChainProxy.java:385)
	at org.springframework.security.web.FilterChainProxy.doFilterInternal(FilterChainProxy.java:237)
	at org.springframework.security.web.FilterChainProxy.doFilter(FilterChainProxy.java:195)
	at org.springframework.web.filter.CompositeFilter$VirtualFilterChain.doFilter(CompositeFilter.java:113)
	at org.springframework.web.filter.ServletRequestPathFilter.doFilter(ServletRequestPathFilter.java:52)
	at org.springframework.web.filter.CompositeFilter$VirtualFilterChain.doFilter(CompositeFilter.java:113)
	at org.springframework.web.filter.CompositeFilter.doFilter(CompositeFilter.java:74)
	at org.springframework.security.config.annotation.web.configuration.WebSecurityConfiguration$CompositeFilterChainProxy.doFilter(WebSecurityConfiguration.java:317)
	at org.springframework.web.filter.DelegatingFilterProxy.invokeDelegate(DelegatingFilterProxy.java:355)
	at org.springframework.web.filter.DelegatingFilterProxy.doFilter(DelegatingFilterProxy.java:272)
	at org.apache.catalina.core.ApplicationFilterChain.doFilter(ApplicationFilterChain.java:107)
	at org.springframework.web.filter.RequestContextFilter.doFilterInternal(RequestContextFilter.java:100)
	at org.springframework.web.filter.OncePerRequestFilter.doFilter(OncePerRequestFilter.java:116)
	at org.apache.catalina.core.ApplicationFilterChain.doFilter(ApplicationFilterChain.java:107)
	at org.springframework.web.filter.FormContentFilter.doFilterInternal(FormContentFilter.java:93)
	at org.springframework.web.filter.OncePerRequestFilter.doFilter(OncePerRequestFilter.java:116)
	at org.apache.catalina.core.ApplicationFilterChain.doFilter(ApplicationFilterChain.java:107)
	at org.springframework.web.filter.CharacterEncodingFilter.doFilterInternal(CharacterEncodingFilter.java:199)
	at org.springframework.web.filter.OncePerRequestFilter.doFilter(OncePerRequestFilter.java:116)
	at org.apache.catalina.core.ApplicationFilterChain.doFilter(ApplicationFilterChain.java:107)
	at org.apache.catalina.core.StandardWrapperValve.invoke(StandardWrapperValve.java:165)
	at org.apache.catalina.core.StandardContextValve.invoke(StandardContextValve.java:77)
	at org.apache.catalina.authenticator.AuthenticatorBase.invoke(AuthenticatorBase.java:492)
	at org.apache.catalina.core.StandardHostValve.invoke(StandardHostValve.java:113)
	at org.apache.catalina.valves.ErrorReportValve.invoke(ErrorReportValve.java:83)
	at org.apache.catalina.core.StandardEngineValve.invoke(StandardEngineValve.java:72)
	at org.apache.catalina.connector.CoyoteAdapter.service(CoyoteAdapter.java:341)
	at org.apache.coyote.http11.Http11Processor.service(Http11Processor.java:397)
	at org.apache.coyote.AbstractProcessorLight.process(AbstractProcessorLight.java:63)
	at org.apache.coyote.AbstractProtocol$ConnectionHandler.process(AbstractProtocol.java:903)
	at org.apache.tomcat.util.net.NioEndpoint$SocketProcessor.doRun(NioEndpoint.java:1801)
	at org.apache.tomcat.util.net.SocketProcessorBase.run(SocketProcessorBase.java:52)
	at org.apache.tomcat.util.threads.ThreadPoolExecutor.runWorker(ThreadPoolExecutor.java:946)
	at org.apache.tomcat.util.threads.ThreadPoolExecutor$Worker.run(ThreadPoolExecutor.java:480)
	at org.apache.tomcat.util.threads.TaskThread$WrappingRunnable.run(TaskThread.java:57)
	at java.base/java.lang.Thread.run(Thread.java:1583)
2026-08-03 04:03:54 [http-nio-8030-exec-4] INFO  c.f.f.common.audit.util.AuditAspect - 
================= REQUEST =================
Timestamp   : 2026-08-03 04:03:54
RequestId   : 68173480-2fe0-4270-b18a-76b5a3316c55
HTTP Method : PATCH
URL         : /api/foods/FOOD01_00035/status
Payload     :
{
  "String" : "Serialization Failed",
  "UpdateFoodStatusRequest" : {
    "status" : {
      "label" : "Discontinued",
      "value" : "DISCONTINUED"
    }
  }
}
===========================================

2026-08-03 04:03:54 [http-nio-8030-exec-4] DEBUG o.s.data.mongodb.core.MongoTemplate - findOne using query: { "id" : "FOOD01_00035"} fields: Document{{}} for class: class com.foodies.freshmeal.food.entity.FoodEntity in collection: fm_food
2026-08-03 04:03:54 [http-nio-8030-exec-4] INFO  c.f.f.c.config.MongoLoggingListener - 
====================================================
MONGO COMMAND STARTED
COMMAND : find
QUERY   : {"find": "fm_food", "filter": {"_id": "FOOD01_00035"}, "limit": 1, "singleBatch": true, "$db": "test", "lsid": {"id": {"$binary": {"base64": "UiiE2ZBUTmuk+P0Id6h5qg==", "subType": "04"}}}}
====================================================
2026-08-03 04:03:54 [http-nio-8030-exec-4] INFO  c.f.f.c.config.MongoLoggingListener - 
====================================================
MONGO COMMAND SUCCESS
COMMAND  : find
DURATION : 0 ms
====================================================
2026-08-03 04:03:54 [http-nio-8030-exec-4] DEBUG o.s.data.mongodb.core.MongoTemplate - Saving Document containing fields: [_id, imageName, foodName, description, price, foodCategories, imageUrl, dietCategory, cuisineType, categoryGroups, status, statusUpdatedAt, statusUpdatedBy, food_availability, createdAt, createdBy, updatedAt, updatedBy, deletedFlag, recordStatus, _class]
2026-08-03 04:03:54 [http-nio-8030-exec-4] INFO  c.f.f.c.config.MongoLoggingListener - 
====================================================
MONGO COMMAND STARTED
COMMAND : update
QUERY   : {"update": "fm_food", "ordered": true, "$db": "test", "lsid": {"id": {"$binary": {"base64": "UiiE2ZBUTmuk+P0Id6h5qg==", "subType": "04"}}}, "updates": [{"q": {"_id": "FOOD01_00035"}, "u": {"_id": "FOOD01_00035", "imageName": "food-placeholder.png", "foodName": "Tomato Chuteny", "description": "", "price": 2.0, "foodCategories": ["OTHER"], "imageUrl": "https://fresh-meal.s3.ap-south-1.amazonaws.com/IMG07_0000025.png", "dietCategory": "VEG", "cuisineType": "CONTINENTAL", "categoryGroups": ["OTHER"], "status": "DISCONTINUED", "statusUpdatedAt": {"$date": "2026-08-02T22:33:54.91Z"}, "statusUpdatedBy": "ADMIN", "food_availability": true, "createdAt": {"$date": "2026-07-24T21:23:47.97Z"}, "createdBy": "Admin", "updatedAt": {"$date": "2026-08-02T22:33:54.91Z"}, "updatedBy": "ADMIN", "deletedFlag": false, "recordStatus": "ACTIVE", "_class": "com.foodies.freshmeal.food.entity.FoodEntity"}, "upsert": true}]}
====================================================
2026-08-03 04:03:54 [http-nio-8030-exec-4] INFO  c.f.f.c.config.MongoLoggingListener - 
====================================================
MONGO COMMAND SUCCESS
COMMAND  : update
DURATION : 2 ms
====================================================
2026-08-03 04:03:54 [http-nio-8030-exec-4] INFO  c.f.f.common.audit.util.AuditAspect - 
================= RESPONSE =================
RequestId    : 68173480-2fe0-4270-b18a-76b5a3316c55
Status       : 200
Duration(ms) : 16
Payload      :
{
  "success" : true,
  "httpStatusCode" : 200,
  "httpStatusMessage" : "OK",
  "message" : "Food status updated successfully.",
  "errors" : null,
  "data" : {
    "id" : "FOOD01_00035",
    "imageName" : "food-placeholder.png",
    "foodName" : "Tomato Chuteny",
    "description" : "",
    "price" : 2.0,
    "imageUrl" : "https://fresh-meal.s3.ap-south-1.amazonaws.com/IMG07_0000025.png",
    "foodCategories" : [ {
      "label" : "Other",
      "value" : "OTHER"
    } ],
    "dietCategory" : {
      "label" : "Veg",
      "value" : "VEG"
    },
    "cuisineType" : {
      "label" : "Continental",
      "value" : "CONTINENTAL"
    },
    "categoryGroups" : [ {
      "label" : "Other",
      "value" : "OTHER"
    } ],
    "foodStatus" : {
      "label" : "Discontinued",
      "value" : "DISCONTINUED"
    },
    "allowedStatuses" : [ {
      "label" : "Coming Soon",
      "value" : "COMING_SOON"
    } ],
    "previousStatus" : "Available",
    "updatedAt" : "2026-08-03T04:03:54.910911",
    "updatedBy" : "ADMIN",
    "createdBy" : null,
    "createdAt" : null,
    "available" : false
  }
}
===========================================

2026-08-03 04:03:54 [http-nio-8030-exec-4] INFO  c.f.f.common.audit.util.AuditAspect - AUDIT SUCCESS | RequestId=68173480-2fe0-4270-b18a-76b5a3316c55 | Duration=16 ms
2026-08-03 04:03:54 [task-37] DEBUG o.s.data.mongodb.core.MongoTemplate - Inserting Document containing fields: [api, requestUrl, requestBody, responseBody, responseStatus, responseMessage, executionTimeMs, requestId, ipAddress, createdAt, module, method, action, requestMethod, _class] in collection: fm_api_audit_logs
2026-08-03 04:03:54 [task-37] INFO  c.f.f.c.config.MongoLoggingListener - 
====================================================
MONGO COMMAND STARTED
COMMAND : insert
QUERY   : {"insert": "fm_api_audit_logs", "ordered": true, "$db": "test", "lsid": {"id": {"$binary": {"base64": "UiiE2ZBUTmuk+P0Id6h5qg==", "subType": "04"}}}, "documents": [{"_id": {"$oid": "6a6fc5d23dce9fb5e778e980"}, "api": "/api/foods/FOOD01_00035/status", "requestUrl": "http://localhost:8030/api/foods/FOOD01_00035/status", "requestBody": {"String": "Serialization Failed", "UpdateFoodStatusRequest": {"status": {"label": "Discontinued", "value": "DISCONTINUED"}}}, "responseBody": {"success": true, "httpStatusCode": 200, "httpStatusMessage": "OK", "message": "Food status updated successfully.", "errors": null, "data": {"id": "FOOD01_00035", "imageName": "food-placeholder.png", "foodName": "Tomato Chuteny", "description": "", "price": 2.0, "imageUrl": "https://fresh-meal.s3.ap-south-1.amazonaws.com/IMG07_0000025.png", "foodCategories": [{"label": "Other", "value": "OTHER"}], "dietCategory": {"label": "Veg", "value": "VEG"}, "cuisineType": {"label": "Continental", "value": "CONTINENTAL"}, "categoryGroups": [{"label": "Other", "value": "OTHER"}], "foodStatus": {"label": "Discontinued", "value": "DISCONTINUED"}, "allowedStatuses": [{"label": "Coming Soon", "value": "COMING_SOON"}], "previousStatus": "Available", "updatedAt": "2026-08-03T04:03:54.910911", "updatedBy": "ADMIN", "createdBy": null, "createdAt": null, "available": false}}, "responseStatus": 200, "responseMessage": "OK", "executionTimeMs": 16, "requestId": "68173480-2fe0-4270-b18a-76b5a3316c55", "ipAddress": "0:0:0:0:0:0:0:1", "createdAt": {"$date": "2026-08-02T22:33:54.903Z"}, "module": "FOOD", "method": "API", "action": "UPDATE", "requestMethod": "PATCH", "_class": "com.foodies.freshmeal.common.audit.entity.impl.AuditLog"}]}
====================================================
2026-08-03 04:03:54 [task-37] INFO  c.f.f.c.config.MongoLoggingListener - 
====================================================
MONGO COMMAND SUCCESS
COMMAND  : insert
DURATION : 1 ms
====================================================
2026-08-03 04:04:16 [http-nio-8030-exec-1] DEBUG o.s.data.mongodb.core.MongoTemplate - find using query: {} fields: Document{{}} sort: null for class: class com.foodies.freshmeal.food.entity.FoodEntity in collection: fm_food
2026-08-03 04:04:16 [http-nio-8030-exec-1] INFO  c.f.f.c.config.MongoLoggingListener - 
====================================================
MONGO COMMAND STARTED
COMMAND : find
QUERY   : {"find": "fm_food", "filter": {}, "$db": "test", "lsid": {"id": {"$binary": {"base64": "UiiE2ZBUTmuk+P0Id6h5qg==", "subType": "04"}}}}
====================================================
2026-08-03 04:04:16 [http-nio-8030-exec-1] INFO  c.f.f.c.config.MongoLoggingListener - 
====================================================
MONGO COMMAND SUCCESS
COMMAND  : find
DURATION : 2 ms
====================================================
2026-08-03 04:04:16 [http-nio-8030-exec-1] INFO  c.f.f.i.s.impl.ImageServiceImpl - Food ID: FOOD01_00031, Food Name: Rasgulla, Description: Rasgulla is a popular South Asian dessert made from ball-shaped dumplings of chhena (Indian cottage cheese) and semolina. These soft, spongy dumplings are cooked and soaked in a light, sweet syrup. The name derives from two Hindi/Sanskrit words: ras (juice/syrup) and gulla (ball), Price: 15.0, Category: [DESSERT], Image URL: https://fresh-meal.s3.ap-south-1.amazonaws.com/IMG07_0000038.jpg
2026-08-03 04:04:16 [http-nio-8030-exec-1] INFO  c.f.f.i.s.impl.ImageServiceImpl - Food ID: FOOD01_00032, Food Name: Sawarma Roll, Description: Shawarma is a popular Middle Eastern street food consisting of thinly sliced meat—like chicken, beef, or lamb—stacked onto a vertical rotisserie and slow-roasted. As the cone rotates, crispy outer layers are shaved off and usually wrapped in flatbread with vegetables, pickles, and sauces., Price: 248.99, Category: [Roll], Image URL: https://fresh-meal.s3.ap-south-1.amazonaws.com/IMG07_0000039.jpg
2026-08-03 04:04:16 [http-nio-8030-exec-1] INFO  c.f.f.i.s.impl.ImageServiceImpl - Food ID: FOOD01_00033, Food Name: Gulab Jamun, Description: Gulab jamun is a popular South Asian sweet consisting of deep-fried dough balls made from milk solids, soaked in a fragrant rose-scented sugar syrup. The name translates to "rose water" (gulab) and a dark purple plum (jamun), Price: 20.9, Category: [SIDE_DISH, DESSERT], Image URL: https://fresh-meal.s3.ap-south-1.amazonaws.com/IMG07_0000042.jpg
2026-08-03 04:04:16 [http-nio-8030-exec-1] INFO  c.f.f.i.s.impl.ImageServiceImpl - Food ID: FOOD01_00034, Food Name: Ice cream, Description: Ice cream is a cold, sweet, and creamy frozen dessert made from milk, cream, and sugar. , Price: 249.0, Category: [DESSERT, ICE_CREAM], Image URL: https://fresh-meal.s3.ap-south-1.amazonaws.com/IMG07_0000041.jpg
2026-08-03 04:04:16 [http-nio-8030-exec-1] INFO  c.f.f.i.s.impl.ImageServiceImpl - Food ID: FOOD01_00035, Food Name: Tomato Chuteny, Description: , Price: 2.0, Category: [OTHER], Image URL: https://fresh-meal.s3.ap-south-1.amazonaws.com/IMG07_0000025.png
2026-08-03 04:04:16 [http-nio-8030-exec-1] INFO  c.f.f.i.s.impl.ImageServiceImpl - Food ID: FOOD01_00036, Food Name: Pizza mania, Description: non veg pizza, Price: 137.0, Category: [PIZZA], Image URL: https://fresh-meal.s3.ap-south-1.amazonaws.com/IMG07_0000043.jpg
2026-08-03 04:04:16 [http-nio-8030-exec-1] INFO  c.f.f.i.s.impl.ImageServiceImpl - Food ID: FOOD01_00037, Food Name: buger, Description: , Price: 99.0, Category: [BURGER, MAIN_COURSE], Image URL: https://fresh-meal.s3.ap-south-1.amazonaws.com/IMG07_0000025.png
2026-08-03 04:04:25 [http-nio-8030-exec-5] INFO  c.f.f.common.audit.util.AuditAspect - AUDIT STARTED | RequestId=1af933d0-12a1-4c4b-a345-d6613577bcdb | API=/api/foods/FOOD01_00037/status | HTTP Method=PATCH
2026-08-03 04:04:25 [http-nio-8030-exec-5] ERROR c.f.f.common.audit.util.AuditAspect - Failed to serialize request object.
java.lang.reflect.InaccessibleObjectException: Unable to make field private final byte[] java.lang.String.value accessible: module java.base does not "opens java.lang" to unnamed module @5d3da839
	at java.base/java.lang.reflect.AccessibleObject.throwInaccessibleObjectException(AccessibleObject.java:391)
	at java.base/java.lang.reflect.AccessibleObject.checkCanSetAccessible(AccessibleObject.java:367)
	at java.base/java.lang.reflect.AccessibleObject.checkCanSetAccessible(AccessibleObject.java:315)
	at java.base/java.lang.reflect.Field.checkCanSetAccessible(Field.java:183)
	at java.base/java.lang.reflect.Field.setAccessible(Field.java:177)
	at com.foodies.freshmeal.common.audit.util.AuditMaskingUtil.maskObject(AuditMaskingUtil.java:44)
	at com.foodies.freshmeal.common.audit.util.AuditAspect.buildRequestDocument(AuditAspect.java:398)
	at com.foodies.freshmeal.common.audit.util.AuditAspect.audit(AuditAspect.java:159)
	at java.base/jdk.internal.reflect.DirectMethodHandleAccessor.invoke(DirectMethodHandleAccessor.java:103)
	at java.base/java.lang.reflect.Method.invoke(Method.java:580)
	at org.springframework.aop.aspectj.AbstractAspectJAdvice.invokeAdviceMethodWithGivenArgs(AbstractAspectJAdvice.java:648)
	at org.springframework.aop.aspectj.AbstractAspectJAdvice.invokeAdviceMethod(AbstractAspectJAdvice.java:630)
	at org.springframework.aop.aspectj.AspectJAroundAdvice.invoke(AspectJAroundAdvice.java:70)
	at org.springframework.aop.framework.ReflectiveMethodInvocation.proceed(ReflectiveMethodInvocation.java:168)
	at org.springframework.aop.interceptor.ExposeInvocationInterceptor.invoke(ExposeInvocationInterceptor.java:96)
	at org.springframework.aop.framework.ReflectiveMethodInvocation.proceed(ReflectiveMethodInvocation.java:179)
	at org.springframework.aop.framework.CglibAopProxy$DynamicAdvisedInterceptor.intercept(CglibAopProxy.java:719)
	at com.foodies.freshmeal.food.controller.impl.FoodController$$SpringCGLIB$$0.updateFoodStatus(<generated>)
	at java.base/jdk.internal.reflect.DirectMethodHandleAccessor.invoke(DirectMethodHandleAccessor.java:103)
	at java.base/java.lang.reflect.Method.invoke(Method.java:580)
	at org.springframework.web.method.support.InvocableHandlerMethod.doInvoke(InvocableHandlerMethod.java:252)
	at org.springframework.web.method.support.InvocableHandlerMethod.invokeForRequest(InvocableHandlerMethod.java:184)
	at org.springframework.web.servlet.mvc.method.annotation.ServletInvocableHandlerMethod.invokeAndHandle(ServletInvocableHandlerMethod.java:117)
	at org.springframework.web.servlet.mvc.method.annotation.RequestMappingHandlerAdapter.invokeHandlerMethod(RequestMappingHandlerAdapter.java:934)
	at org.springframework.web.servlet.mvc.method.annotation.RequestMappingHandlerAdapter.handleInternal(RequestMappingHandlerAdapter.java:853)
	at org.springframework.web.servlet.mvc.method.AbstractHandlerMethodAdapter.handle(AbstractHandlerMethodAdapter.java:86)
	at org.springframework.web.servlet.DispatcherServlet.doDispatch(DispatcherServlet.java:963)
	at org.springframework.web.servlet.DispatcherServlet.doService(DispatcherServlet.java:866)
	at org.springframework.web.servlet.FrameworkServlet.processRequest(FrameworkServlet.java:1000)
	at org.springframework.web.servlet.FrameworkServlet.service(FrameworkServlet.java:877)
	at jakarta.servlet.http.HttpServlet.service(HttpServlet.java:710)
	at org.apache.catalina.core.ApplicationFilterChain.doFilter(ApplicationFilterChain.java:128)
	at org.apache.tomcat.websocket.server.WsFilter.doFilter(WsFilter.java:53)
	at org.apache.catalina.core.ApplicationFilterChain.doFilter(ApplicationFilterChain.java:107)
	at org.springframework.web.filter.CompositeFilter$VirtualFilterChain.doFilter(CompositeFilter.java:108)
	at org.springframework.security.web.FilterChainProxy.lambda$doFilterInternal$3(FilterChainProxy.java:235)
	at org.springframework.security.web.FilterChainProxy$VirtualFilterChain.doFilter(FilterChainProxy.java:376)
	at org.springframework.security.web.access.intercept.AuthorizationFilter.doFilter(AuthorizationFilter.java:101)
	at org.springframework.security.web.FilterChainProxy$VirtualFilterChain.doFilter(FilterChainProxy.java:385)
	at org.springframework.security.web.access.ExceptionTranslationFilter.doFilter(ExceptionTranslationFilter.java:126)
	at org.springframework.security.web.access.ExceptionTranslationFilter.doFilter(ExceptionTranslationFilter.java:120)
	at org.springframework.security.web.FilterChainProxy$VirtualFilterChain.doFilter(FilterChainProxy.java:385)
	at org.springframework.security.web.authentication.AnonymousAuthenticationFilter.doFilter(AnonymousAuthenticationFilter.java:100)
	at org.springframework.security.web.FilterChainProxy$VirtualFilterChain.doFilter(FilterChainProxy.java:385)
	at org.springframework.security.web.servletapi.SecurityContextHolderAwareRequestFilter.doFilter(SecurityContextHolderAwareRequestFilter.java:181)
	at org.springframework.security.web.FilterChainProxy$VirtualFilterChain.doFilter(FilterChainProxy.java:385)
	at org.springframework.security.web.savedrequest.RequestCacheAwareFilter.doFilter(RequestCacheAwareFilter.java:63)
	at org.springframework.security.web.FilterChainProxy$VirtualFilterChain.doFilter(FilterChainProxy.java:385)
	at org.springframework.security.web.authentication.www.BasicAuthenticationFilter.doFilterInternal(BasicAuthenticationFilter.java:198)
	at org.springframework.web.filter.OncePerRequestFilter.doFilter(OncePerRequestFilter.java:116)
	at org.springframework.security.web.FilterChainProxy$VirtualFilterChain.doFilter(FilterChainProxy.java:385)
	at org.springframework.security.web.authentication.logout.LogoutFilter.doFilter(LogoutFilter.java:110)
	at org.springframework.security.web.authentication.logout.LogoutFilter.doFilter(LogoutFilter.java:96)
	at org.springframework.security.web.FilterChainProxy$VirtualFilterChain.doFilter(FilterChainProxy.java:385)
	at org.springframework.security.web.header.HeaderWriterFilter.doHeadersAfter(HeaderWriterFilter.java:90)
	at org.springframework.security.web.header.HeaderWriterFilter.doFilterInternal(HeaderWriterFilter.java:75)
	at org.springframework.web.filter.OncePerRequestFilter.doFilter(OncePerRequestFilter.java:116)
	at org.springframework.security.web.FilterChainProxy$VirtualFilterChain.doFilter(FilterChainProxy.java:385)
	at org.springframework.security.web.context.SecurityContextHolderFilter.doFilter(SecurityContextHolderFilter.java:82)
	at org.springframework.security.web.context.SecurityContextHolderFilter.doFilter(SecurityContextHolderFilter.java:69)
	at org.springframework.security.web.FilterChainProxy$VirtualFilterChain.doFilter(FilterChainProxy.java:385)
	at org.springframework.security.web.context.request.async.WebAsyncManagerIntegrationFilter.doFilterInternal(WebAsyncManagerIntegrationFilter.java:62)
	at org.springframework.web.filter.OncePerRequestFilter.doFilter(OncePerRequestFilter.java:116)
	at org.springframework.security.web.FilterChainProxy$VirtualFilterChain.doFilter(FilterChainProxy.java:385)
	at org.springframework.security.web.session.DisableEncodeUrlFilter.doFilterInternal(DisableEncodeUrlFilter.java:42)
	at org.springframework.web.filter.OncePerRequestFilter.doFilter(OncePerRequestFilter.java:116)
	at org.springframework.security.web.FilterChainProxy$VirtualFilterChain.doFilter(FilterChainProxy.java:385)
	at org.springframework.security.web.FilterChainProxy.doFilterInternal(FilterChainProxy.java:237)
	at org.springframework.security.web.FilterChainProxy.doFilter(FilterChainProxy.java:195)
	at org.springframework.web.filter.CompositeFilter$VirtualFilterChain.doFilter(CompositeFilter.java:113)
	at org.springframework.web.filter.ServletRequestPathFilter.doFilter(ServletRequestPathFilter.java:52)
	at org.springframework.web.filter.CompositeFilter$VirtualFilterChain.doFilter(CompositeFilter.java:113)
	at org.springframework.web.filter.CompositeFilter.doFilter(CompositeFilter.java:74)
	at org.springframework.security.config.annotation.web.configuration.WebSecurityConfiguration$CompositeFilterChainProxy.doFilter(WebSecurityConfiguration.java:317)
	at org.springframework.web.filter.DelegatingFilterProxy.invokeDelegate(DelegatingFilterProxy.java:355)
	at org.springframework.web.filter.DelegatingFilterProxy.doFilter(DelegatingFilterProxy.java:272)
	at org.apache.catalina.core.ApplicationFilterChain.doFilter(ApplicationFilterChain.java:107)
	at org.springframework.web.filter.RequestContextFilter.doFilterInternal(RequestContextFilter.java:100)
	at org.springframework.web.filter.OncePerRequestFilter.doFilter(OncePerRequestFilter.java:116)
	at org.apache.catalina.core.ApplicationFilterChain.doFilter(ApplicationFilterChain.java:107)
	at org.springframework.web.filter.FormContentFilter.doFilterInternal(FormContentFilter.java:93)
	at org.springframework.web.filter.OncePerRequestFilter.doFilter(OncePerRequestFilter.java:116)
	at org.apache.catalina.core.ApplicationFilterChain.doFilter(ApplicationFilterChain.java:107)
	at org.springframework.web.filter.CharacterEncodingFilter.doFilterInternal(CharacterEncodingFilter.java:199)
	at org.springframework.web.filter.OncePerRequestFilter.doFilter(OncePerRequestFilter.java:116)
	at org.apache.catalina.core.ApplicationFilterChain.doFilter(ApplicationFilterChain.java:107)
	at org.apache.catalina.core.StandardWrapperValve.invoke(StandardWrapperValve.java:165)
	at org.apache.catalina.core.StandardContextValve.invoke(StandardContextValve.java:77)
	at org.apache.catalina.authenticator.AuthenticatorBase.invoke(AuthenticatorBase.java:492)
	at org.apache.catalina.core.StandardHostValve.invoke(StandardHostValve.java:113)
	at org.apache.catalina.valves.ErrorReportValve.invoke(ErrorReportValve.java:83)
	at org.apache.catalina.core.StandardEngineValve.invoke(StandardEngineValve.java:72)
	at org.apache.catalina.connector.CoyoteAdapter.service(CoyoteAdapter.java:341)
	at org.apache.coyote.http11.Http11Processor.service(Http11Processor.java:397)
	at org.apache.coyote.AbstractProcessorLight.process(AbstractProcessorLight.java:63)
	at org.apache.coyote.AbstractProtocol$ConnectionHandler.process(AbstractProtocol.java:903)
	at org.apache.tomcat.util.net.NioEndpoint$SocketProcessor.doRun(NioEndpoint.java:1801)
	at org.apache.tomcat.util.net.SocketProcessorBase.run(SocketProcessorBase.java:52)
	at org.apache.tomcat.util.threads.ThreadPoolExecutor.runWorker(ThreadPoolExecutor.java:946)
	at org.apache.tomcat.util.threads.ThreadPoolExecutor$Worker.run(ThreadPoolExecutor.java:480)
	at org.apache.tomcat.util.threads.TaskThread$WrappingRunnable.run(TaskThread.java:57)
	at java.base/java.lang.Thread.run(Thread.java:1583)
2026-08-03 04:04:25 [http-nio-8030-exec-5] INFO  c.f.f.common.audit.util.AuditAspect - 
================= REQUEST =================
Timestamp   : 2026-08-03 04:04:25
RequestId   : 1af933d0-12a1-4c4b-a345-d6613577bcdb
HTTP Method : PATCH
URL         : /api/foods/FOOD01_00037/status
Payload     :
{
  "String" : "Serialization Failed",
  "UpdateFoodStatusRequest" : {
    "status" : {
      "label" : "Discontinued",
      "value" : "DISCONTINUED"
    }
  }
}
===========================================

2026-08-03 04:04:25 [http-nio-8030-exec-5] DEBUG o.s.data.mongodb.core.MongoTemplate - findOne using query: { "id" : "FOOD01_00037"} fields: Document{{}} for class: class com.foodies.freshmeal.food.entity.FoodEntity in collection: fm_food
2026-08-03 04:04:25 [http-nio-8030-exec-5] INFO  c.f.f.c.config.MongoLoggingListener - 
====================================================
MONGO COMMAND STARTED
COMMAND : find
QUERY   : {"find": "fm_food", "filter": {"_id": "FOOD01_00037"}, "limit": 1, "singleBatch": true, "$db": "test", "lsid": {"id": {"$binary": {"base64": "UiiE2ZBUTmuk+P0Id6h5qg==", "subType": "04"}}}}
====================================================
2026-08-03 04:04:25 [http-nio-8030-exec-5] INFO  c.f.f.c.config.MongoLoggingListener - 
====================================================
MONGO COMMAND SUCCESS
COMMAND  : find
DURATION : 0 ms
====================================================
2026-08-03 04:04:25 [http-nio-8030-exec-5] DEBUG o.s.data.mongodb.core.MongoTemplate - Saving Document containing fields: [_id, imageName, foodName, description, price, foodCategories, imageUrl, dietCategory, cuisineType, categoryGroups, status, statusUpdatedAt, statusUpdatedBy, food_availability, createdAt, createdBy, updatedAt, updatedBy, deletedFlag, recordStatus, _class]
2026-08-03 04:04:25 [http-nio-8030-exec-5] INFO  c.f.f.c.config.MongoLoggingListener - 
====================================================
MONGO COMMAND STARTED
COMMAND : update
QUERY   : {"update": "fm_food", "ordered": true, "$db": "test", "lsid": {"id": {"$binary": {"base64": "UiiE2ZBUTmuk+P0Id6h5qg==", "subType": "04"}}}, "updates": [{"q": {"_id": "FOOD01_00037"}, "u": {"_id": "FOOD01_00037", "imageName": "food-placeholder.png", "foodName": "buger", "description": "", "price": 99.0, "foodCategories": ["BURGER", "MAIN_COURSE"], "imageUrl": "https://fresh-meal.s3.ap-south-1.amazonaws.com/IMG07_0000025.png", "dietCategory": "VEG", "cuisineType": "MEXICAN", "categoryGroups": ["COURSE_TYPE", "FAST_FOOD"], "status": "DISCONTINUED", "statusUpdatedAt": {"$date": "2026-08-02T22:34:25.463Z"}, "statusUpdatedBy": "ADMIN", "food_availability": true, "createdAt": {"$date": "2026-08-02T22:32:50.669Z"}, "createdBy": "Admin", "updatedAt": {"$date": "2026-08-02T22:34:25.463Z"}, "updatedBy": "ADMIN", "deletedFlag": false, "recordStatus": "ACTIVE", "_class": "com.foodies.freshmeal.food.entity.FoodEntity"}, "upsert": true}]}
====================================================
2026-08-03 04:04:25 [http-nio-8030-exec-5] INFO  c.f.f.c.config.MongoLoggingListener - 
====================================================
MONGO COMMAND SUCCESS
COMMAND  : update
DURATION : 2 ms
====================================================
2026-08-03 04:04:25 [http-nio-8030-exec-5] INFO  c.f.f.common.audit.util.AuditAspect - 
================= RESPONSE =================
RequestId    : 1af933d0-12a1-4c4b-a345-d6613577bcdb
Status       : 200
Duration(ms) : 12
Payload      :
{
  "success" : true,
  "httpStatusCode" : 200,
  "httpStatusMessage" : "OK",
  "message" : "Food status updated successfully.",
  "errors" : null,
  "data" : {
    "id" : "FOOD01_00037",
    "imageName" : "food-placeholder.png",
    "foodName" : "buger",
    "description" : "",
    "price" : 99.0,
    "imageUrl" : "https://fresh-meal.s3.ap-south-1.amazonaws.com/IMG07_0000025.png",
    "foodCategories" : [ {
      "label" : "Main Course",
      "value" : "MAIN_COURSE"
    }, {
      "label" : "Burger",
      "value" : "BURGER"
    } ],
    "dietCategory" : {
      "label" : "Veg",
      "value" : "VEG"
    },
    "cuisineType" : {
      "label" : "Mexican",
      "value" : "MEXICAN"
    },
    "categoryGroups" : [ {
      "label" : "Course Type",
      "value" : "COURSE_TYPE"
    }, {
      "label" : "Fast Food",
      "value" : "FAST_FOOD"
    } ],
    "foodStatus" : {
      "label" : "Discontinued",
      "value" : "DISCONTINUED"
    },
    "allowedStatuses" : [ {
      "label" : "Coming Soon",
      "value" : "COMING_SOON"
    } ],
    "previousStatus" : "Available",
    "updatedAt" : "2026-08-03T04:04:25.463582200",
    "updatedBy" : "ADMIN",
    "createdBy" : null,
    "createdAt" : null,
    "available" : false
  }
}
===========================================

2026-08-03 04:04:25 [http-nio-8030-exec-5] INFO  c.f.f.common.audit.util.AuditAspect - AUDIT SUCCESS | RequestId=1af933d0-12a1-4c4b-a345-d6613577bcdb | Duration=12 ms
2026-08-03 04:04:25 [task-38] DEBUG o.s.data.mongodb.core.MongoTemplate - Inserting Document containing fields: [api, requestUrl, requestBody, responseBody, responseStatus, responseMessage, executionTimeMs, requestId, ipAddress, createdAt, module, method, action, requestMethod, _class] in collection: fm_api_audit_logs
2026-08-03 04:04:25 [task-38] INFO  c.f.f.c.config.MongoLoggingListener - 
====================================================
MONGO COMMAND STARTED
COMMAND : insert
QUERY   : {"insert": "fm_api_audit_logs", "ordered": true, "$db": "test", "lsid": {"id": {"$binary": {"base64": "UiiE2ZBUTmuk+P0Id6h5qg==", "subType": "04"}}}, "documents": [{"_id": {"$oid": "6a6fc5f13dce9fb5e778e981"}, "api": "/api/foods/FOOD01_00037/status", "requestUrl": "http://localhost:8030/api/foods/FOOD01_00037/status", "requestBody": {"String": "Serialization Failed", "UpdateFoodStatusRequest": {"status": {"label": "Discontinued", "value": "DISCONTINUED"}}}, "responseBody": {"success": true, "httpStatusCode": 200, "httpStatusMessage": "OK", "message": "Food status updated successfully.", "errors": null, "data": {"id": "FOOD01_00037", "imageName": "food-placeholder.png", "foodName": "buger", "description": "", "price": 99.0, "imageUrl": "https://fresh-meal.s3.ap-south-1.amazonaws.com/IMG07_0000025.png", "foodCategories": [{"label": "Main Course", "value": "MAIN_COURSE"}, {"label": "Burger", "value": "BURGER"}], "dietCategory": {"label": "Veg", "value": "VEG"}, "cuisineType": {"label": "Mexican", "value": "MEXICAN"}, "categoryGroups": [{"label": "Course Type", "value": "COURSE_TYPE"}, {"label": "Fast Food", "value": "FAST_FOOD"}], "foodStatus": {"label": "Discontinued", "value": "DISCONTINUED"}, "allowedStatuses": [{"label": "Coming Soon", "value": "COMING_SOON"}], "previousStatus": "Available", "updatedAt": "2026-08-03T04:04:25.463582200", "updatedBy": "ADMIN", "createdBy": null, "createdAt": null, "available": false}}, "responseStatus": 200, "responseMessage": "OK", "executionTimeMs": 12, "requestId": "1af933d0-12a1-4c4b-a345-d6613577bcdb", "ipAddress": "0:0:0:0:0:0:0:1", "createdAt": {"$date": "2026-08-02T22:34:25.456Z"}, "module": "FOOD", "method": "API", "action": "UPDATE", "requestMethod": "PATCH", "_class": "com.foodies.freshmeal.common.audit.entity.impl.AuditLog"}]}
====================================================
2026-08-03 04:04:25 [task-38] INFO  c.f.f.c.config.MongoLoggingListener - 
====================================================
MONGO COMMAND SUCCESS
COMMAND  : insert
DURATION : 1 ms
====================================================
